location,crop,forage_id,block,sample_time,forage_initial_drywt_g,forage_final_drywt_g,tea_id,tea_final_drywt_g,tea_initial_drywt_g,forage_pct_n,forage_pct_c,tea_pct_n,tea_pct_c,forage_pct_remain,na.rm,tea_pct_remain,forage_prop_c,forage_prop_n,tea_prop_c,tea_prop_n,forage_initial_carbon,forage_final_carbon,forage_prop_c_remain,forage_pct_c_remain
wiu,pcro,1,1,t4,18.3,13.924999999999999,1,1.365,2,4.4,40.6,4.62,45.6,76.09289617486338,TRUE,68.25,0.406,0.044000000000000004,0.456,0.0462,8.25939939,5.65355,0.6844989245640535,68.44989245640535
wiu,pcro,2,1,t0,19.3,18.99,5,2.033,2.1,NA,NA,NA,NA,98.39378238341968,TRUE,96.8095238095238,NA,NA,NA,NA,8.71073269,NA,NA,NA
wiu,pcro,3,1,t2,19,18.437,3,1.928,2.1,5.14,44.1,4.18,48.6,97.03684210526316,TRUE,91.80952380952381,0.441,0.051399999999999994,0.486,0.0418,8.5753327,8.130717,0.9481517842450591,94.8151784245059
wiu,pcro,4,1,t7,19.3,14.129999999999997,NA,1.082,NA,4.04,38.7,NA,NA,73.2124352331606,TRUE,NA,0.387,0.0404,NA,NA,8.71073269,5.468309999999999,0.6277669393158705,62.77669393158705
wiu,pcro,5,1,t6,18.1,13.073,2,1.278,2.1,4.86,40.4,5,45.7,72.22651933701657,TRUE,60.857142857142854,0.40399999999999997,0.048600000000000004,0.457,0.05,8.169132730000001,5.281492,0.646518079037259,64.6518079037259
wiu,pcro,6,1,t5,18.7,13.671999999999999,6,1.514,2.1,4.43,38,4.51,43.9,73.11229946524064,TRUE,72.09523809523809,0.38,0.0443,0.439,0.0451,8.439932709999999,5.19536,0.6155688888187831,61.556888881878315
wiu,pcro,7,1,t8,18.4,13.37,7,1.449,2.1,4.53,42.8,4.52,41.5,72.66304347826087,TRUE,69,0.428,0.0453,0.415,0.0452,8.30453272,5.722359999999999,0.6890646581738075,68.90646581738075
wiu,pcro,8,1,t1,18.3,18.198,8,1.963,2.1,4.88,44.7,3.96,48.8,99.44262295081967,TRUE,93.47619047619048,0.447,0.048799999999999996,0.488,0.039599999999999996,8.25939939,8.134506,0.9848786353459049,98.48786353459049
wiu,pcro,9,1,t3,18.7,16.715,9,1.685,2.1,5.03,43.7,4.39,47.9,89.38502673796792,TRUE,80.23809523809524,0.43700000000000006,0.050300000000000004,0.479,0.043899999999999995,8.439932709999999,7.304455000000001,0.865463653678822,86.5463653678822
wiu,pcro,10,1,t9,18.7,12.198,10,1.287,2.1,4.75,42.3,5.23,46.8,65.22994652406418,TRUE,61.28571428571428,0.423,0.0475,0.46799999999999997,0.052300000000000006,8.439932709999999,5.159754,0.6113501348045701,61.13501348045701
wiu,wpc,11,1,t9,14.6,12.587,24,NA,2.2,2.47,38.9,2.78,34.9,86.2123287671233,TRUE,NA,0.389,0.024700000000000003,0.349,0.0278,6.2999,4.896343,0.7772096382482261,77.7209638248226
wiu,wpc,12,1,t5,15.1,12.847,30,1.987,2.1,3.17,41.7,2.1,21.3,85.0794701986755,TRUE,94.61904761904762,0.41700000000000004,0.0317,0.213,0.021,6.51565,5.3571990000000005,0.8222048452571885,82.22048452571885
wiu,wpc,13,1,t7,14.999999999999998,12.655,28,NA,2.2,2.59,40.9,1.33,11,84.36666666666667,TRUE,NA,0.409,0.0259,0.11,0.013300000000000001,6.472499999999999,5.175895,0.7996747779065276,79.96747779065277
wiu,wpc,14,1,t6,14.6,13.11,21,1.495,2.3,2.47,40.2,4.75,44.7,89.7945205479452,TRUE,65.00000000000001,0.402,0.024700000000000003,0.447,0.0475,6.2999,5.27022,0.8365561358116795,83.65561358116796
wiu,wpc,15,1,t8,14.899999999999997,12.502,92,1.552,2.2,2.67,39.9,4.36,43.5,83.9060402684564,TRUE,70.54545454545455,0.39899999999999997,0.026699999999999998,0.435,0.0436,6.429349999999999,4.9882979999999995,0.775863500975993,77.5863500975993
wiu,wpc,16,1,t2,15.1,14.735999999999999,NA,1.863,NA,2.59,43.3,NA,NA,97.58940397350993,TRUE,NA,0.433,0.0259,NA,NA,6.51565,6.380687999999999,0.9792864871501691,97.9286487150169
wiu,wpc,17,1,t1,14.899999999999997,15.264999999999999,25,1.995,2.1,2.31,42,3.04,29.7,102.4496644295302,TRUE,95,0.42,0.0231,0.297,0.0304,6.429349999999999,6.411299999999999,0.9971925622341294,99.71925622341294
wiu,wpc,18,1,t4,14.999999999999998,12.668,29,1.701,2.2,2.83,39.2,3.52,37.4,84.45333333333333,TRUE,77.31818181818181,0.392,0.028300000000000002,0.374,0.0352,6.472499999999999,4.965856,0.7672237929702588,76.72237929702588
wiu,wpc,19,1,t3,14.799999999999999,14.536,NA,1.864,NA,2.5,38.5,NA,NA,98.21621621621622,TRUE,NA,0.385,0.025,NA,NA,6.3862,5.59636,0.8763208167611413,87.63208167611413
wiu,wpc,20,1,t0,15.1,14.847999999999997,23,2.008,2.1,NA,NA,3.18,40.2,98.33112582781456,TRUE,95.61904761904762,NA,NA,0.402,0.0318,6.51565,NA,NA,NA
wiu,gpc,21,1,t1,18.1,18.226,50,1.874,1.9,2.2,42.8,3.55,47,100.69613259668506,TRUE,98.63157894736844,0.428,0.022000000000000002,0.47,0.0355,7.964,7.800727999999999,0.979498744349573,97.9498744349573
wiu,gpc,22,1,t9,19.6,17.411,49,1.389,2.1,2.48,40,4.41,42.3,88.83163265306122,TRUE,66.14285714285714,0.4,0.0248,0.423,0.0441,8.624,6.964400000000001,0.8075602968460113,80.75602968460113
wiu,gpc,23,1,t2,19.8,19.835,43,1.837,2.3,1.65,42.6,3.66,46,100.17676767676768,TRUE,79.86956521739131,0.426,0.0165,0.46,0.0366,8.712,8.44971,0.9698932506887052,96.98932506887053
wiu,gpc,24,1,t6,19.5,17.371,42,1.503,2.1,1.97,42.5,4.05,40.8,89.08205128205128,TRUE,71.57142857142857,0.425,0.0197,0.408,0.0405,8.58,7.382674999999999,0.8604516317016315,86.04516317016315
wiu,gpc,25,1,t8,20,16.197,45,1.723,2.4,2.95,40.8,3.51,37.4,80.985,TRUE,71.79166666666667,0.408,0.029500000000000002,0.374,0.0351,8.8,6.608375999999999,0.750951818181818,75.0951818181818
wiu,gpc,26,1,t3,19,18.918,48,1.978,2.3,2.2,38.2,3.28,35.8,99.56842105263158,TRUE,86.00000000000001,0.382,0.022000000000000002,0.358,0.032799999999999996,8.36,7.226675999999999,0.8644349282296651,86.4434928229665
wiu,gpc,27,1,t5,19.4,16.828,46,2.142,2.2,2.55,34.5,3.02,31.4,86.74226804123711,TRUE,97.36363636363635,0.345,0.0255,0.314,0.0302,8.536,5.80566,0.6801382380506091,68.01382380506091
wiu,gpc,28,1,t4,20.2,17.594,41,1.579,2.2,NA,NA,4.35,45,87.09900990099011,TRUE,71.77272727272727,NA,NA,0.45,0.0435,8.888,NA,NA,NA
wiu,gpc,29,1,t0,18.7,18.394,4,2.216,2,NA,NA,NA,NA,98.36363636363636,TRUE,110.80000000000001,NA,NA,NA,NA,8.228,NA,NA,NA
wiu,gpc,30,1,t7,18.8,16.064,47,1.486,2.1,2.57,36,3.45,37.8,85.44680851063829,TRUE,70.76190476190476,0.36,0.025699999999999997,0.37799999999999995,0.0345,8.272,5.78304,0.699110251450677,69.9110251450677
wiu,cr,31,1,t2,15.199999999999998,14.789,39,1.971,2.3,1.44,41.7,4.09,48.1,97.29605263157896,TRUE,85.69565217391305,0.41700000000000004,0.0144,0.48100000000000004,0.0409,6.463799999999999,6.167013000000001,0.9540847489093106,95.40847489093106
wiu,cr,32,1,t8,15.1,11.432,NA,1.293,NA,1.93,39.7,NA,NA,75.70860927152319,TRUE,NA,0.397,0.019299999999999998,NA,NA,6.4212750000000005,4.5385040000000005,0.7067917197129854,70.67917197129854
wiu,cr,33,1,t1,15.199999999999998,15.135,31,1.972,2.3,1.7,39.5,4.88,46.3,99.57236842105264,TRUE,85.73913043478262,0.395,0.017,0.46299999999999997,0.048799999999999996,6.463799999999999,5.978325,0.9248932516476377,92.48932516476377
wiu,cr,34,1,t4,15.199999999999998,13.402,36,1.462,2.2,1.69,42,4.28,48,88.17105263157896,TRUE,66.45454545454544,0.42,0.0169,0.48,0.042800000000000005,6.463799999999999,5.628839999999999,0.8708252111760884,87.08252111760883
wiu,cr,35,1,t3,15.299999999999999,14.110999999999999,32,1.598,2.2,1.7,40,2.79,35.1,92.22875816993465,TRUE,72.63636363636363,0.4,0.017,0.35100000000000003,0.0279,6.5063249999999995,5.6444,0.8675250621510607,86.75250621510607
wiu,cr,36,1,t9,14.899999999999997,11.517,33,1.208,2.3,2.28,41.4,4.91,47,77.29530201342283,TRUE,52.52173913043479,0.414,0.022799999999999997,0.47,0.049100000000000005,6.336224999999999,4.768038,0.7525045275380847,75.25045275380847
wiu,cr,37,1,t0,15.2,14.75,37,1.993,2,NA,NA,NA,NA,97.03947368421053,TRUE,99.65,NA,NA,NA,NA,6.4638,NA,NA,NA
wiu,cr,38,1,NA,15.299999999999997,NA,NA,NA,NA,NA,NA,NA,NA,NA,TRUE,NA,NA,NA,NA,NA,6.5063249999999995,NA,NA,NA
wiu,cr,39,1,t7,15.399999999999997,13.16,34,1.171,2.2,1.86,40.3,4.49,45.2,85.45454545454547,TRUE,53.22727272727272,0.40299999999999997,0.018600000000000002,0.452,0.0449,6.548849999999999,5.3034799999999995,0.8098337876115654,80.98337876115654
wiu,cr,40,1,t6,17.1,13.035,35,NA,2.1,1.96,34.6,NA,NA,76.22807017543859,TRUE,NA,0.34600000000000003,0.0196,NA,NA,7.271775000000001,4.51011,0.6202213352310818,62.02213352310818
wiu,ar,41,1,t4,11.6,9.31,19,1.653,2.3,2.77,35.1,4.09,41.9,80.25862068965517,TRUE,71.86956521739131,0.35100000000000003,0.0277,0.419,0.0409,4.860399999999999,3.2678100000000003,0.6723335527940089,67.23335527940088
wiu,ar,42,1,t8,12.3,8.922,81,1.338,2.3,2.49,38.6,4.3,43.9,72.53658536585365,TRUE,58.173913043478265,0.386,0.024900000000000002,0.439,0.043,5.1537,3.4438920000000004,0.6682368007450958,66.82368007450958
wiu,ar,43,1,t2,11.6,11.028,11,1.894,2.1,2.58,39.5,3.82,45.7,95.0689655172414,TRUE,90.19047619047619,0.395,0.0258,0.457,0.0382,4.860399999999999,4.35606,0.8962348777878366,89.62348777878366
wiu,ar,44,1,t1,11.8,11.988,12,1.981,2,2.69,40.2,3.43,45.7,101.59322033898303,TRUE,99.05000000000001,0.402,0.0269,0.457,0.034300000000000004,4.9442,4.819176,0.9747129970470448,97.47129970470448
wiu,ar,45,1,t0,11.9,11.867,530,2.017,NA,2.61,41.3,3.85,49.5,99.72268907563026,TRUE,NA,0.413,0.026099999999999998,0.495,0.0385,4.9860999999999995,4.901071,0.982946792081988,98.2946792081988
wiu,ar,46,1,t9,12,7.891,524,NA,NA,2.71,37.7,0.498,3.97,65.75833333333333,TRUE,NA,0.377,0.0271,0.0397,0.00498,5.028,2.974907,0.5916680588703263,59.16680588703262
wiu,ar,47,1,t3,12.6,11.484,17,2.032,2.4,2.51,39.8,3.39,41.4,91.14285714285715,TRUE,84.66666666666667,0.39799999999999996,0.025099999999999997,0.414,0.0339,5.2794,4.570632,0.8657483804977838,86.57483804977838
wiu,ar,48,1,t7,12.2,8.735,13,1.355,2,2.65,40,NA,NA,71.59836065573771,TRUE,67.75,0.4,0.0265,NA,NA,5.1118,3.4939999999999998,0.6835165695058492,68.35165695058491
wiu,ar,49,1,t6,12.9,9.856,16,1.56,2.2,2.64,36.9,4.2,44.4,76.4031007751938,TRUE,70.9090909090909,0.369,0.0264,0.444,0.042,5.4051,3.636864,0.6728578564688905,67.28578564688905
wiu,ar,50,1,t5,13.3,8.912,NA,1.513,NA,2.55,36,NA,NA,67.00751879699249,TRUE,NA,0.36,0.0255,NA,NA,5.5727,3.20832,0.5757209252247564,57.572092522475636
wiu,wpc,51,2,t8,20.2,18.663999999999998,83,1.875,2.3,2.53,35.9,2.68,28.1,92.39603960396039,TRUE,81.5217391304348,0.359,0.0253,0.281,0.0268,8.7163,6.7003759999999986,0.7687179193006205,76.87179193006205
wiu,wpc,52,2,t2,20.1,20.05,22,1.856,2.1,2.49,40.2,3.05,42.1,99.75124378109453,TRUE,88.38095238095238,0.402,0.024900000000000002,0.42100000000000004,0.0305,8.67315,8.0601,0.9293163383545772,92.93163383545772
wiu,wpc,53,2,t4,20.4,18.652,58,2.02,2.1,2.61,39.7,3.41,36.9,91.43137254901961,TRUE,96.19047619047618,0.397,0.026099999999999998,0.369,0.0341,8.8026,7.404844000000001,0.841211005839184,84.12110058391839
wiu,wpc,54,2,t6,20.6,18.705,68,1.961,2.1,2.61,34.7,2.49,25.9,90.8009708737864,TRUE,93.38095238095238,0.34700000000000003,0.026099999999999998,0.259,0.024900000000000002,8.888900000000001,6.490635,0.730195524755594,73.01955247555941
wiu,wpc,55,2,t0,20.7,20.373,86,2.031,2.1,NA,NA,NA,NA,98.42028985507247,TRUE,96.71428571428572,NA,NA,NA,NA,8.93205,NA,NA,NA
wiu,wpc,56,2,t1,20.1,20.405,88,2.188,2.3,2.58,41.8,3.81,48,101.51741293532339,TRUE,95.1304347826087,0.418,0.0258,0.48,0.0381,8.67315,8.52929,0.983413177449946,98.34131774499461
wiu,wpc,57,2,t3,20.2,20.968,87,2.241,2.2,2.07,36.3,2.17,24.5,103.8019801980198,TRUE,101.86363636363636,0.363,0.0207,0.245,0.0217,8.7163,7.611384,0.8732356619207691,87.32356619207691
wiu,wpc,58,2,t7,21.2,18.065,84,1.544,2,2.37,37.6,3.22,37.9,85.21226415094341,TRUE,77.2,0.376,0.023700000000000002,0.379,0.0322,9.1478,6.792440000000001,0.7425216992063667,74.25216992063667
wiu,wpc,59,2,NA,19.9,NA,NA,NA,NA,2.27,30,NA,NA,NA,TRUE,NA,0.3,0.0227,NA,NA,8.58685,NA,NA,NA
wiu,wpc,60,2,t9,21.3,18.373,40,NA,2,2.29,34.8,2.49,26.4,86.25821596244133,TRUE,NA,0.348,0.0229,0.264,0.024900000000000002,9.19095,6.393804,0.6956630163367225,69.56630163367224
wiu,cr,61,2,t4,15.499999999999998,13.272,69,1.388,2.1,2,41.4,4.47,47.4,85.62580645161292,TRUE,66.09523809523809,0.414,0.02,0.474,0.0447,6.591374999999999,5.4946079999999995,0.8336057347670252,83.36057347670251
wiu,cr,62,2,t9,15.6,12.61,NA,NA,NA,2.51,33,NA,NA,80.83333333333333,TRUE,NA,0.33,0.025099999999999997,NA,NA,6.6339,4.1613,0.6272780717225162,62.727807172251616
wiu,cr,63,2,t0,15.499999999999998,15.475,70,2.117,2.1,NA,NA,NA,NA,99.83870967741937,TRUE,100.80952380952381,NA,NA,NA,NA,6.591374999999999,NA,NA,NA
wiu,cr,64,2,t1,15.299999999999997,14.991,62,1.971,2.1,1.64,42.3,3.34,41.9,97.98039215686276,TRUE,93.85714285714286,0.423,0.016399999999999998,0.419,0.0334,6.5063249999999995,6.341193,0.9746197738354602,97.46197738354601
wiu,cr,65,2,t2,15.6,15.234,63,2.095,2.4,1.7,42.5,3.96,48.5,97.65384615384616,TRUE,87.29166666666669,0.425,0.017,0.485,0.039599999999999996,6.6339,6.47445,0.9759643648532538,97.59643648532538
wiu,cr,66,2,t7,15.6,12.601,64,1.298,2.4,2.02,39.8,3.43,39.5,80.77564102564104,TRUE,54.083333333333336,0.39799999999999996,0.0202,0.395,0.034300000000000004,6.6339,5.015198,0.7559954174768989,75.5995417476899
wiu,cr,67,2,t5,15.499999999999998,12.646,NA,1.218,NA,1.84,43.3,NA,NA,81.58709677419357,TRUE,NA,0.433,0.0184,NA,NA,6.591374999999999,5.4757180000000005,0.830739868388614,83.0739868388614
wiu,cr,68,2,t3,15.399999999999997,14.495,68,1.834,2.1,1.98,42,2.49,25.9,94.12337662337664,TRUE,87.33333333333333,0.42,0.019799999999999998,0.259,0.024900000000000002,6.548849999999999,6.087899999999999,0.929613596280263,92.9613596280263
wiu,cr,69,2,t8,14.499999999999998,11.159,67,1.205,2.2,2.37,40.5,4.77,44.4,76.95862068965519,TRUE,54.77272727272727,0.405,0.023700000000000002,0.444,0.04769999999999999,6.166124999999999,4.519395,0.7329392446633828,73.29392446633828
wiu,cr,70,2,t6,15.499999999999998,12.497,NA,1.149,NA,2.05,42,NA,NA,80.62580645161292,TRUE,NA,0.42,0.020499999999999997,NA,NA,6.591374999999999,5.24874,0.7963042612504978,79.63042612504978
wiu,pcro,71,2,t8,17.4,14.450999999999997,72,1.572,2.2,2.78,40.7,4,38.7,83.05172413793103,TRUE,71.45454545454545,0.40700000000000003,0.0278,0.387,0.04,7.853199419999999,5.881556999999999,0.748937685833018,74.8937685833018
wiu,pcro,72,2,t5,16.799999999999997,14.721,76,1.879,2.3,2.79,38.4,3.2,33.8,87.62500000000001,TRUE,81.69565217391305,0.384,0.0279,0.33799999999999997,0.032,7.582399439999999,5.652864,0.7455244272913167,74.55244272913167
wiu,pcro,73,2,t4,16.799999999999997,13.895999999999997,73,1.7,2.1,3.06,40,3.54,40.2,82.71428571428571,TRUE,80.95238095238095,0.4,0.030600000000000002,0.402,0.0354,7.582399439999999,5.558399999999999,0.7330661018301615,73.30661018301615
wiu,pcro,73,2,t4,16.799999999999997,13.895999999999997,73,1.7,2.1,3.06,40,3.83,42.6,82.71428571428571,TRUE,80.95238095238095,0.4,0.030600000000000002,0.426,0.0383,7.582399439999999,5.558399999999999,0.7330661018301615,73.30661018301615
wiu,pcro,74,2,t9,16.5,15.006999999999998,74,1.971,2.2,2.49,30.3,2.91,29.5,90.95151515151514,TRUE,89.5909090909091,0.303,0.024900000000000002,0.295,0.0291,7.44699945,4.547120999999999,0.6105977354409499,61.05977354409499
wiu,pcro,75,2,t1,17.099999999999998,17.304,NA,1.979,NA,2.76,42.3,NA,NA,101.19298245614034,TRUE,NA,0.423,0.0276,NA,NA,7.717799429999999,7.319591999999999,0.9484040193565901,94.84040193565902
wiu,pcro,76,2,t7,16.7,15.801999999999998,71,1.681,2.1,NA,NA,2.88,30.4,94.62275449101796,TRUE,80.04761904761905,NA,NA,0.304,0.0288,7.537266109999999,NA,NA,NA
wiu,pcro,77,2,t0,17.5,17.287,77,2.067,2.1,NA,NA,NA,NA,98.78285714285714,TRUE,98.42857142857143,NA,NA,NA,NA,7.89833275,NA,NA,NA
wiu,pcro,78,2,t6,17.3,12.453,80,1.474,2.2,3.13,38.5,4.04,43.7,71.98265895953757,TRUE,67,0.385,0.0313,0.43700000000000006,0.0404,7.8080660900000005,4.794405,0.6140323282022835,61.40323282022835
wiu,pcro,79,2,t3,18.7,17.144,NA,1.993,NA,2.84,40.7,NA,NA,91.67914438502673,TRUE,NA,0.40700000000000003,0.028399999999999998,NA,NA,8.439932709999999,6.977608,0.8267373970568067,82.67373970568067
wiu,pcro,79,2,t3,18.7,17.144,NA,1.993,NA,2.26,25.7,NA,NA,91.67914438502673,TRUE,NA,0.257,0.0226,NA,NA,8.439932709999999,4.406008,0.5220430246771482,52.204302467714825
wiu,pcro,80,2,t2,19.4,19.291,78,2.155,2.1,2.59,39.7,3.28,38.9,99.43814432989691,TRUE,102.6190476190476,0.397,0.0259,0.389,0.032799999999999996,8.75586602,7.658527,0.8746738452263344,87.46738452263344
wiu,gpc,81,2,t5,20.9,19.096,85,2.726,2.2,1.88,19.7,2.35,32.2,91.36842105263159,TRUE,123.9090909090909,0.19699999999999998,0.018799999999999997,0.322,0.0235,9.196,3.7619119999999997,0.40908133971291866,40.90813397129187
wiu,gpc,82,2,t4,20.7,18.435,55,1.63,2.2,2.51,38,3.76,46.7,89.05797101449275,TRUE,74.09090909090908,0.38,0.025099999999999997,0.467,0.037599999999999995,9.108,7.005299999999999,0.7691370223978918,76.91370223978919
wiu,gpc,83,2,t8,20.6,18.637,57,1.572,2.2,2.3,33.1,3.07,36.3,90.47087378640776,TRUE,71.45454545454545,0.331,0.023,0.363,0.030699999999999998,9.064,6.168847,0.6805877096204767,68.05877096204766
wiu,gpc,84,2,t6,21,20.252,60,1.765,2.1,2.07,30,2.97,30.9,96.43809523809523,TRUE,84.04761904761904,0.3,0.0207,0.309,0.0297,9.24,6.0756,0.6575324675324675,65.75324675324676
wiu,gpc,85,2,t9,20.5,18.684,52,NA,2.1,2.47,29.6,NA,NA,91.14146341463415,TRUE,NA,0.29600000000000004,0.024700000000000003,NA,NA,9.02,5.530464000000001,0.6131334811529935,61.31334811529935
wiu,gpc,86,2,t1,20.9,20.513,NA,2.141,NA,2.6,41.7,NA,NA,98.14832535885168,TRUE,NA,0.41700000000000004,0.026000000000000002,NA,NA,9.196,8.553921,0.9301784471509353,93.01784471509353
wiu,gpc,87,2,t0,20.9,20.776,59,2.046,2.1,NA,NA,4.89,46,99.40669856459331,TRUE,97.42857142857142,NA,NA,0.46,0.0489,9.196,NA,NA,NA
wiu,gpc,88,2,t3,20.9,20.542,51,1.641,2.1,2.53,41.8,3.35,41.3,98.28708133971293,TRUE,78.14285714285714,0.418,0.0253,0.413,0.0335,9.196,8.586556,0.9337272727272727,93.37272727272727
wiu,gpc,89,2,t2,20.7,20.241,54,1.976,2.1,2.37,39.4,NA,NA,97.78260869565217,TRUE,94.09523809523809,0.39399999999999996,0.023700000000000002,NA,NA,9.108,7.974953999999999,0.8755988142292489,87.55988142292489
wiu,gpc,90,2,t7,20.8,17.105,53,1.766,2.2,2.71,27.5,2.71,27.7,82.23557692307692,TRUE,80.27272727272727,0.275,0.0271,0.27699999999999997,0.0271,9.152000000000001,4.703875000000001,0.5139723557692308,51.39723557692308
wiu,ar,91,2,t5,15.199999999999998,11.792,96,1.554,2.1,2.62,39.4,3.83,38.4,77.57894736842107,TRUE,74,0.39399999999999996,0.0262,0.384,0.0383,6.3687999999999985,4.6460479999999995,0.7295013189297828,72.95013189297828
wiu,ar,92,2,t6,15.5,9.414,98,1.455,2.2,2.9,38.6,4.28,41,60.73548387096774,TRUE,66.13636363636364,0.386,0.028999999999999998,0.41,0.042800000000000005,6.4944999999999995,3.633804,0.5595202094079607,55.95202094079607
wiu,ar,93,2,t9,16.2,11.82,93,1.534,2.2,2.59,33.1,2.81,29.5,72.96296296296296,TRUE,69.72727272727272,0.331,0.0259,0.295,0.0281,6.7878,3.9124200000000005,0.5763899938124283,57.638999381242826
wiu,ar,93,2,t9,16.2,11.82,93,1.534,2.2,2.55,37.7,2.81,29.5,72.96296296296296,TRUE,69.72727272727272,0.377,0.0255,0.295,0.0281,6.7878,4.45614,0.6564925307168745,65.64925307168745
wiu,ar,94,2,NA,16.2,NA,97,NA,2.1,2.59,38.5,4.31,42.2,NA,TRUE,NA,0.385,0.0259,0.42200000000000004,0.0431,6.7878,NA,NA,NA
wiu,ar,95,2,t0,15.499999999999998,15.124999999999998,99,2.109,2.2,NA,NA,NA,NA,97.58064516129032,TRUE,95.86363636363635,NA,NA,NA,NA,6.494499999999999,NA,NA,NA
wiu,ar,96,2,t2,15.999999999999998,15.072999999999999,529,1.959,NA,2.48,41,3.62,43.2,94.20625,TRUE,NA,0.41,0.0248,0.43200000000000005,0.0362,6.703999999999999,6.179929999999999,0.9218272673031026,92.18272673031026
wiu,ar,96,2,t2,15.999999999999998,15.072999999999999,529,1.959,NA,2.48,41,3.5,45.4,94.20625,TRUE,NA,0.41,0.0248,0.45399999999999996,0.035,6.703999999999999,6.179929999999999,0.9218272673031026,92.18272673031026
wiu,ar,97,2,t3,15.299999999999999,13.790999999999999,NA,2.137,NA,2.55,37.9,NA,NA,90.13725490196079,TRUE,NA,0.379,0.0255,NA,NA,6.410699999999999,5.226788999999999,0.8153226636716738,81.53226636716738
wiu,ar,98,2,t1,15.299999999999999,14.899,91,2.11,2.2,2.64,41.7,3.73,46.4,97.37908496732027,TRUE,95.9090909090909,0.41700000000000004,0.0264,0.46399999999999997,0.0373,6.410699999999999,6.212883000000001,0.969142683326314,96.91426833263141
wiu,ar,99,2,t4,14.999999999999998,12.047,100,1.703,2.3,2.41,41.1,3.76,40.8,80.31333333333335,TRUE,74.04347826086958,0.41100000000000003,0.0241,0.408,0.037599999999999995,6.284999999999999,4.951317,0.7877990453460623,78.77990453460623
wiu,ar,100,2,NA,14.999999999999998,10.17,95,1.563,2.1,2.64,35.7,3.55,39.2,67.80000000000001,TRUE,74.42857142857142,0.35700000000000004,0.0264,0.392,0.0355,6.284999999999999,3.6306900000000004,0.577675417661098,57.7675417661098
wiu,gpc,101,3,t2,16.5,16.177,105,2.01,2.3,2.19,43.4,3.6,45.3,98.04242424242425,TRUE,87.39130434782608,0.434,0.0219,0.45299999999999996,0.036000000000000004,7.26,7.020817999999999,0.9670548209366391,96.7054820936639
wiu,gpc,102,3,t7,14.999999999999998,14.364999999999997,108,NA,2.1,2.31,32.3,1.87,9.38,95.76666666666665,TRUE,NA,0.32299999999999995,0.0231,0.09380000000000001,0.0187,6.6,4.639894999999998,0.7030143939393937,70.30143939393938
wiu,gpc,103,3,t4,15.899999999999997,15.467999999999998,109,1.826,2.3,2.34,36.7,3.46,38.3,97.28301886792453,TRUE,79.3913043478261,0.36700000000000005,0.023399999999999997,0.38299999999999995,0.0346,6.995999999999999,5.676756,0.8114288164665525,81.14288164665525
wiu,gpc,104,3,t3,15.499999999999998,14.658999999999997,102,1.947,2.2,2.13,42,NA,NA,94.57419354838709,TRUE,88.5,0.42,0.0213,NA,NA,6.819999999999999,6.156779999999999,0.9027536656891494,90.27536656891493
wiu,gpc,105,3,t5,15.1,13.576,197,2.292,2.3,2.06,28.3,2.73,28,89.90728476821192,TRUE,99.65217391304347,0.28300000000000003,0.0206,0.28,0.0273,6.644,3.8420080000000008,0.5782673088500904,57.826730885009034
wiu,gpc,106,3,t8,15.6,14.056999999999997,116,1.763,2.2,2.55,37.1,3.39,31.3,90.10897435897434,TRUE,80.13636363636363,0.371,0.0255,0.313,0.0339,6.864,5.215146999999999,0.7597824883449882,75.97824883449881
wiu,gpc,107,3,t1,15.1,15.204999999999997,101,1.984,2.1,2.54,41.4,3.77,46,100.69536423841056,TRUE,94.47619047619047,0.414,0.0254,0.46,0.0377,6.644,6.294869999999999,0.9474518362432267,94.74518362432266
wiu,gpc,108,3,t9,15.399999999999997,12.823,103,1.652,2.2,2.61,34.7,3.66,36.2,83.26623376623378,TRUE,75.09090909090908,0.34700000000000003,0.026099999999999998,0.36200000000000004,0.0366,6.775999999999999,4.449581,0.6566677981109801,65.66677981109801
wiu,gpc,109,3,t6,15.899999999999997,13.238,104,1.45,2.2,2.63,42.3,4.2,43.9,83.25786163522014,TRUE,65.9090909090909,0.423,0.0263,0.439,0.042,6.995999999999999,5.599673999999999,0.8004108061749572,80.04108061749572
wiu,gpc,110,3,t0,15.699999999999998,15.472999999999997,106,2.052,2.3,2.43,42.9,3.8,48.9,98.55414012738854,TRUE,89.21739130434784,0.429,0.024300000000000002,0.489,0.038,6.907999999999999,6.637916999999999,0.9609028662420382,96.09028662420383
wiu,wpc,111,3,t9,16.2,14.371999999999998,120,1.548,2,2.31,44.5,2.6,31.8,88.71604938271605,TRUE,77.4,0.445,0.0231,0.318,0.026000000000000002,6.9902999999999995,6.39554,0.9149163841322976,91.49163841322977
wiu,wpc,112,3,t0,14.799999999999999,14.707999999999997,112,2.089,2.1,NA,NA,NA,NA,99.37837837837836,TRUE,99.47619047619047,NA,NA,NA,NA,6.3862,NA,NA,NA
wiu,wpc,113,3,t3,15.699999999999998,15.513,118,1.903,2.1,2.11,39.2,NA,NA,98.80891719745225,TRUE,90.61904761904762,0.392,0.021099999999999997,NA,NA,6.774549999999999,6.0810960000000005,0.8976383671240159,89.76383671240158
wiu,wpc,114,3,t4,15.899999999999997,13.979999999999999,NA,NA,NA,2.5,43,NA,NA,87.92452830188681,TRUE,NA,0.43,0.025,NA,NA,6.860849999999998,6.011399999999999,0.8761888104243645,87.61888104243644
wiu,wpc,115,3,t7,14.499999999999998,12.753,111,1.404,2.2,2.22,41.7,4.54,45.1,87.95172413793104,TRUE,63.818181818181806,0.41700000000000004,0.0222,0.451,0.0454,6.256749999999999,5.318001000000001,0.8499622008231112,84.99622008231113
wiu,wpc,116,3,t7,14.999999999999998,11.359,113,1.462,2.1,3.07,37.6,3.93,39.3,75.72666666666667,TRUE,69.61904761904762,0.376,0.030699999999999998,0.39299999999999996,0.0393,6.472499999999999,4.270984,0.6598662031672462,65.98662031672463
wiu,wpc,117,3,t1,14.7,14.905999999999999,114,2.062,2.1,2.48,43.7,3.86,47.4,101.4013605442177,TRUE,98.19047619047619,0.43700000000000006,0.0248,0.474,0.038599999999999995,6.34305,6.513922,1.0269384602044758,102.69384602044758
wiu,wpc,118,3,t6,14.499999999999998,10.601,115,1.668,2.1,3.03,32.5,3.78,35.2,73.11034482758623,TRUE,79.42857142857143,0.325,0.030299999999999997,0.35200000000000004,0.0378,6.256749999999999,3.4453250000000004,0.5506572901266633,55.06572901266633
wiu,wpc,119,3,t2,13.999999999999998,13.434,119,1.846,2.1,2.95,42.4,3.35,46,95.95714285714287,TRUE,87.90476190476191,0.424,0.029500000000000002,0.46,0.0335,6.0409999999999995,5.696015999999999,0.942892898526734,94.28928985267339
wiu,wpc,120,3,t5,13.699999999999998,11.514,117,1.685,2,2.74,38.2,2.64,32,84.04379562043796,TRUE,84.25,0.382,0.0274,0.32,0.0264,5.911549999999999,4.3983479999999995,0.7440261860256616,74.40261860256616
wiu,ar,121,3,t7,15.999999999999998,13.412,136,2.144,2,2.79,29.9,2.35,22.7,83.82500000000002,TRUE,107.2,0.299,0.0279,0.22699999999999998,0.0235,6.703999999999999,4.010188,0.5981784009546541,59.817840095465414
wiu,ar,122,3,t3,16.2,15.631999999999998,137,1.927,2.1,2.98,36.6,3.45,39.3,96.49382716049382,TRUE,91.76190476190476,0.366,0.0298,0.39299999999999996,0.0345,6.7878,5.721311999999999,0.8428816405904711,84.2881640590471
wiu,ar,123,3,NA,15.7,NA,NA,NA,NA,NA,NA,NA,NA,NA,TRUE,NA,NA,NA,NA,NA,6.5783,NA,NA,NA
wiu,ar,124,3,t2,15.999999999999998,16.149,138,1.927,2.2,3.08,43.3,3.65,44.2,100.93125000000003,TRUE,87.59090909090908,0.433,0.0308,0.442,0.0365,6.703999999999999,6.992517,1.0430365453460624,104.30365453460624
wiu,ar,125,3,t1,15.499999999999998,15.798999999999998,135,2.074,2.1,2.8,43.2,3.48,46.5,101.92903225806451,TRUE,98.76190476190474,0.43200000000000005,0.027999999999999997,0.465,0.0348,6.494499999999999,6.825168,1.0509150819924553,105.09150819924554
wiu,ar,126,3,t8,15.699999999999998,10.42,133,1.593,2.1,2.77,32,3.44,33.8,66.36942675159236,TRUE,75.85714285714286,0.32,0.0277,0.33799999999999997,0.0344,6.578299999999999,3.3344,0.5068786768618033,50.68786768618033
wiu,ar,127,3,t5,15.6,14.052999999999999,139,1.573,2.1,2.55,32.5,3.09,31.9,90.08333333333333,TRUE,74.9047619047619,0.325,0.0255,0.319,0.030899999999999997,6.5363999999999995,4.567225,0.6987370723945903,69.87370723945902
wiu,ar,128,3,t6,15.899999999999997,12.949,134,1.598,2.2,2.97,38.6,3.77,39.3,81.44025157232706,TRUE,72.63636363636363,0.386,0.0297,0.39299999999999996,0.0377,6.662099999999999,4.998314,0.7502610288047313,75.02610288047313
wiu,ar,129,3,t4,15.799999999999999,13.507000000000001,140,1.798,2.1,3.09,40.5,3.25,34.5,85.48734177215192,TRUE,85.61904761904762,0.405,0.030899999999999997,0.345,0.0325,6.6202,5.470335000000001,0.8263096281079124,82.63096281079125
wiu,ar,130,3,t0,15.699999999999998,13.973999999999998,131,1.994,2.1,NA,NA,NA,NA,89.0063694267516,TRUE,94.95238095238095,NA,NA,NA,NA,6.578299999999999,NA,NA,NA
wiu,cr,131,3,t8,15.999999999999998,13.382,141,1.22,2.1,1.93,40.5,4.27,41.4,83.6375,TRUE,58.09523809523809,0.405,0.019299999999999998,0.414,0.042699999999999995,6.803999999999999,5.41971,0.7965476190476192,79.65476190476191
wiu,cr,132,3,t9,15.499999999999998,12.671,143,1.261,2.3,2.01,36.2,3.95,40,81.7483870967742,TRUE,54.826086956521735,0.36200000000000004,0.020099999999999996,0.4,0.0395,6.591374999999999,4.586902,0.6958945591777134,69.58945591777133
wiu,cr,133,3,t3,15.499999999999998,14.382999999999997,148,1.538,2.2,1.85,35.5,4.26,47.5,92.79354838709676,TRUE,69.9090909090909,0.355,0.018500000000000003,0.475,0.0426,6.591374999999999,5.1059649999999985,0.7746433786577155,77.46433786577155
wiu,cr,134,3,t7,16.2,13.347,144,1.348,2.2,2.17,35.4,4.14,42.4,82.38888888888889,TRUE,61.272727272727266,0.354,0.0217,0.424,0.0414,6.88905,4.724837999999999,0.6858475406623553,68.58475406623553
wiu,cr,135,3,t4,15.699999999999998,13.749999999999998,145,1.352,2.1,1.95,40.9,4.11,44.6,87.57961783439491,TRUE,64.38095238095238,0.409,0.0195,0.446,0.041100000000000005,6.676424999999999,5.623749999999999,0.8423295401356264,84.23295401356265
wiu,cr,136,3,t0,15.899999999999997,15.638,142,2.015,2.1,NA,NA,NA,NA,98.35220125786165,TRUE,95.95238095238095,NA,NA,NA,NA,6.761474999999999,NA,NA,NA
wiu,cr,137,3,t1,15.799999999999997,15.314999999999998,149,2.276,2.3,1.91,43.1,3.37,45.5,96.93037974683546,TRUE,98.95652173913044,0.431,0.0191,0.455,0.0337,6.718949999999999,6.600764999999999,0.9824101980220125,98.24101980220125
wiu,cr,138,3,t5,15.899999999999997,13.407,66,1.586,2.1,1.82,36.5,4.17,44.7,84.32075471698116,TRUE,75.52380952380953,0.365,0.0182,0.447,0.0417,6.761474999999999,4.893555,0.7237407518329951,72.37407518329951
wiu,cr,139,3,t2,15.999999999999998,15.486999999999997,150,1.831,2.2,2.25,43,3.56,45.7,96.79374999999999,TRUE,83.22727272727272,0.43,0.0225,0.457,0.0356,6.803999999999999,6.6594099999999985,0.9787492651381539,97.87492651381538
wiu,cr,140,3,t6,15.999999999999998,12.805,146,1.279,2,2.51,34.8,2.98,32.1,80.03125000000001,TRUE,63.949999999999996,0.348,0.025099999999999997,0.321,0.0298,6.803999999999999,4.4561399999999995,0.6549294532627866,65.49294532627866
wiu,pcro,141,3,t8,20.5,16.324,122,1.568,2.1,2.89,33.5,3.88,36.1,79.62926829268294,TRUE,74.66666666666667,0.335,0.028900000000000002,0.361,0.0388,9.25233265,5.468540000000001,0.591044464878811,59.1044464878811
wiu,pcro,142,3,t9,19,12.745000000000001,127,2.08,2.2,NA,NA,NA,NA,67.07894736842105,TRUE,94.54545454545455,NA,NA,NA,NA,8.5753327,NA,NA,NA
wiu,pcro,143,3,t2,19.8,19.309,129,1.904,2.2,2.93,42.1,3.44,43.4,97.52020202020202,TRUE,86.54545454545453,0.42100000000000004,0.029300000000000003,0.434,0.0344,8.93639934,8.129089,0.9096604449639558,90.96604449639558
wiu,pcro,144,3,t4,19.6,15.652,130,2.289,2.1,2.93,37.5,2.67,29.5,79.85714285714285,TRUE,109.00000000000001,0.375,0.029300000000000003,0.295,0.026699999999999998,8.84613268,5.8694999999999995,0.6635102832303437,66.35102832303437
wiu,pcro,145,3,t5,19.7,16.113,NA,2.609,NA,2.83,32.4,NA,NA,81.79187817258882,TRUE,NA,0.324,0.028300000000000002,NA,NA,8.891266009999999,5.220612,0.5871618275877004,58.71618275877004
wiu,pcro,146,3,t6,19.6,13.784999999999998,124,1.709,2.1,3.02,35.2,2.92,32.3,70.33163265306122,TRUE,81.38095238095238,0.35200000000000004,0.0302,0.32299999999999995,0.0292,8.84613268,4.85232,0.5485244428868322,54.85244428868322
wiu,pcro,146,3,t6,19.6,13.784999999999998,124,1.709,2.1,3.21,36,2.92,32.3,70.33163265306122,TRUE,81.38095238095238,0.36,0.0321,0.32299999999999995,0.0292,8.84613268,4.962599999999999,0.5609909074978965,56.099090749789646
wiu,pcro,147,3,t1,18.299999999999997,18.316,128,2.057,2.1,2.88,40,3.49,44.6,100.08743169398909,TRUE,97.95238095238095,0.4,0.0288,0.446,0.0349,8.259399389999999,7.3264,0.8870378648682832,88.70378648682832
wiu,pcro,148,3,t0,19,18.972,126,2.014,2.1,NA,NA,NA,NA,99.85263157894737,TRUE,95.9047619047619,NA,NA,NA,NA,8.5753327,NA,NA,NA
wiu,pcro,149,3,t3,20,19.225,123,2.44,2,NA,NA,2.83,35.7,96.125,TRUE,122,NA,NA,0.35700000000000004,0.028300000000000002,9.026666,NA,NA,NA
wiu,pcro,150,3,t7,5.699999999999999,4.461,NA,NA,NA,NA,NA,NA,NA,78.26315789473685,TRUE,NA,NA,NA,NA,NA,2.57259981,NA,NA,NA
wiu,wpc,151,4,t0,19,18.875,152,2.152,2.2,NA,NA,NA,NA,99.3421052631579,TRUE,97.81818181818181,NA,NA,NA,NA,8.1985,NA,NA,NA
wiu,wpc,152,4,t5,19.7,18.058999999999997,153,1.78,2.1,2.77,35.6,2.96,27.7,91.67005076142131,TRUE,84.76190476190476,0.35600000000000004,0.0277,0.27699999999999997,0.0296,8.500549999999999,6.429004,0.7563044744163614,75.63044744163614
wiu,wpc,153,4,t3,18.6,18.584,NA,NA,NA,2.61,42,NA,NA,99.91397849462365,TRUE,NA,0.42,0.026099999999999998,NA,NA,8.0259,7.80528,0.9725114940380518,97.25114940380519
wiu,wpc,154,4,t9,19.5,16.641,159,1.422,2.2,3.04,40.8,3.88,39.3,85.33846153846153,TRUE,64.63636363636363,0.408,0.0304,0.39299999999999996,0.0388,8.41425,6.789527999999999,0.8069082805954184,80.69082805954184
wiu,wpc,155,4,t2,20.299999999999997,20.055999999999997,160,1.971,2.2,2.88,42.9,3.58,46,98.79802955665025,TRUE,89.5909090909091,0.429,0.0288,0.46,0.0358,8.75945,8.604023999999999,0.9822561918841937,98.22561918841937
wiu,wpc,156,4,t1,20,20.134,158,1.874,2,3.18,44.3,3.66,46.9,100.66999999999999,TRUE,93.7,0.44299999999999995,0.0318,0.469,0.0366,8.629999999999999,8.919362,1.0335297798377752,103.35297798377752
wiu,wpc,157,4,t6,18.9,15.703,157,1.585,2.3,3.13,43,4.22,43.2,83.08465608465609,TRUE,68.91304347826087,0.43,0.0313,0.43200000000000005,0.042199999999999994,8.155349999999999,6.7522899999999995,0.8279583340997015,82.79583340997016
wiu,wpc,158,4,t7,20.1,17.435,551,1.529,NA,2.83,38.2,NA,NA,86.74129353233829,TRUE,NA,0.382,0.028300000000000002,NA,NA,8.67315,6.66017,0.7679067005643855,76.79067005643854
wiu,wpc,159,4,t4,20.599999999999998,17.746,151,1.684,2.1,3.3,42.9,3.68,42.9,86.14563106796118,TRUE,80.19047619047619,0.429,0.033,0.429,0.0368,8.8889,7.613033999999999,0.8564652544184319,85.6465254418432
wiu,wpc,160,4,t8,20.5,17.104,156,1.712,2.1,3.3,35,3.58,33.5,83.43414634146342,TRUE,81.52380952380952,0.35,0.033,0.335,0.0358,8.84575,5.9864,0.6767543735692281,67.67543735692281
wiu,ar,161,4,t4,17.1,15.275999999999998,165,1.61,2.1,2.89,37.2,3.42,38.9,89.33333333333331,TRUE,76.66666666666667,0.37200000000000005,0.028900000000000002,0.389,0.0342,7.1649,5.682672,0.7931264916467781,79.31264916467781
wiu,ar,162,4,t3,19.1,17.211,NA,1.92,NA,2.99,39.7,NA,NA,90.10994764397904,TRUE,NA,0.397,0.029900000000000003,NA,NA,8.0029,6.832767,0.8537863774381785,85.37863774381785
wiu,ar,163,4,t8,16.8,13.04,528,1.985,NA,2.9,35.2,2.7,26.4,77.6190476190476,TRUE,NA,0.35200000000000004,0.028999999999999998,0.264,0.027000000000000003,7.0392,4.59008,0.6520740993294692,65.20740993294693
wiu,ar,164,4,t6,17.2,16.288,164,1.918,2.1,2.39,26.6,1.86,18.3,94.69767441860466,TRUE,91.33333333333333,0.266,0.0239,0.183,0.018600000000000002,7.206799999999999,4.3326080000000005,0.6011833268579676,60.11833268579676
wiu,ar,165,4,t5,17.3,17.416,166,1.919,2.1,2.5,34.6,2.01,21.2,100.67052023121389,TRUE,91.38095238095238,0.34600000000000003,0.025,0.212,0.020099999999999996,7.2487,6.025936000000001,0.8313126491646778,83.13126491646779
wiu,ar,166,4,t0,18.7,17.257,167,2.064,2.2,NA,NA,NA,NA,92.28342245989306,TRUE,93.81818181818181,NA,NA,NA,NA,7.835299999999999,NA,NA,NA
wiu,ar,167,4,t1,16.4,16.631,168,2.118,2.3,3.14,41.7,3.85,46.2,101.40853658536587,TRUE,92.08695652173913,0.41700000000000004,0.031400000000000004,0.462,0.0385,6.871599999999999,6.9351270000000005,1.0092448629140232,100.92448629140232
wiu,ar,168,4,t7,17.4,13.122,169,1.613,2.2,2.84,33.1,3.43,33.5,75.41379310344828,TRUE,73.31818181818181,0.331,0.028399999999999998,0.335,0.034300000000000004,7.2905999999999995,4.343382,0.595750966998601,59.5750966998601
wiu,ar,169,4,t9,18,17.230999999999998,163,1.983,2.2,2.77,39.7,3.71,45,95.72777777777776,TRUE,90.13636363636364,0.397,0.0277,0.45,0.0371,7.542,6.840706999999999,0.9070149827631927,90.70149827631927
wiu,ar,170,4,NA,NA,NA,NA,NA,NA,NA,NA,NA,NA,NA,TRUE,NA,NA,NA,NA,NA,NA,NA,NA,NA
wiu,cr,171,4,t2,19.799999999999997,19.112,NA,1.798,NA,2.43,44,NA,NA,96.52525252525254,TRUE,NA,0.44,0.024300000000000002,NA,NA,8.419949999999998,8.409279999999999,0.9987327715722778,99.87327715722778
wiu,cr,172,4,t5,20,16.428,NA,1.344,NA,2.32,42.3,NA,NA,82.14,TRUE,NA,0.423,0.0232,NA,NA,8.505,6.949044,0.8170539682539681,81.70539682539682
wiu,cr,173,4,t4,19.5,16.744999999999997,190,1.166,2,2.31,41.6,4.95,45.4,85.87179487179486,TRUE,58.3,0.41600000000000004,0.0231,0.45399999999999996,0.0495,8.292375,6.96592,0.8400391926317852,84.00391926317852
wiu,cr,174,4,t3,19.7,18.081,187,1.484,2,NA,NA,NA,NA,91.78172588832487,TRUE,74.2,NA,NA,NA,NA,8.377425,NA,NA,NA
wiu,cr,175,4,t9,19.5,15.135999999999997,181,1.048,2,2.64,41.6,5.36,46.1,77.62051282051281,TRUE,52.400000000000006,0.41600000000000004,0.0264,0.461,0.0536,8.292375,6.296575999999999,0.7593211836174798,75.93211836174798
wiu,cr,176,4,t0,19.7,19.499,182,2.075,2.1,1.82,40.5,2.63,41.5,98.97969543147208,TRUE,98.80952380952381,0.405,0.0182,0.415,0.0263,8.377425,7.897095,0.9426637660140198,94.26637660140199
wiu,cr,177,4,t1,19.7,19.473,183,1.935,2,2.12,43.2,3.71,48.1,98.84771573604061,TRUE,96.75,0.43200000000000005,0.0212,0.48100000000000004,0.0371,8.377425,8.412336,1.0041672709693013,100.41672709693013
wiu,cr,178,4,t7,19.7,14.737999999999998,NA,1.179,NA,2.5,43,NA,NA,74.81218274111674,TRUE,NA,0.43,0.025,NA,NA,8.377425,6.337339999999999,0.7564782734551486,75.64782734551486
wiu,cr,179,4,t8,19.9,15.403999999999998,189,1.157,2.1,2.6,39.6,4.34,44.4,77.40703517587939,TRUE,55.095238095238095,0.396,0.026000000000000002,0.444,0.0434,8.462475,6.099983999999999,0.7208274175108346,72.08274175108346
wiu,cr,180,4,t6,20.4,15.841,184,1.149,2.1,2.5,39.8,3.98,47.1,77.65196078431373,TRUE,54.714285714285715,0.39799999999999996,0.025,0.47100000000000003,0.0398,8.6751,6.304717999999999,0.7267602678931654,72.67602678931654
wiu,gpc,181,4,t3,14.499999999999998,13.982999999999999,193,1.639,2,2.58,41.2,3.77,41.5,96.43448275862069,TRUE,81.95,0.41200000000000003,0.0258,0.415,0.0377,6.379999999999999,5.760996,0.9029774294670847,90.29774294670847
wiu,gpc,182,4,t4,14.699999999999998,12.817,161,1.381,2.2,2.95,41.3,4.25,43.7,87.1904761904762,TRUE,62.772727272727266,0.413,0.029500000000000002,0.43700000000000006,0.0425,6.467999999999999,5.2934209999999995,0.8184015151515152,81.84015151515152
wiu,gpc,183,4,t6,14.899999999999997,11.597,199,1.423,2.1,NA,NA,NA,NA,77.83221476510069,TRUE,67.76190476190476,NA,NA,NA,NA,6.555999999999998,NA,NA,NA
wiu,gpc,184,4,t1,14.999999999999998,15.210999999999997,147,2.215,2.2,2.69,43.8,3.74,48,101.40666666666667,TRUE,100.68181818181816,0.43799999999999994,0.0269,0.48,0.0374,6.6,6.662417999999998,1.0094572727272724,100.94572727272724
wiu,gpc,185,4,t8,15.699999999999998,10.921,196,1.487,2.1,3.25,36.8,3.89,37.8,69.56050955414014,TRUE,70.80952380952381,0.368,0.0325,0.37799999999999995,0.038900000000000004,6.907999999999999,4.018928,0.5817788071800811,58.17788071800811
wiu,gpc,186,4,t0,15.499999999999998,15.432999999999998,561,2.065,NA,NA,NA,NA,NA,99.56774193548387,TRUE,NA,NA,NA,NA,NA,6.819999999999999,NA,NA,NA
wiu,gpc,187,4,t7,14.899999999999997,11.637,198,1.44,2.2,3.17,39.9,4.82,47.4,78.10067114093961,TRUE,65.45454545454544,0.39899999999999997,0.0317,0.474,0.0482,6.555999999999998,4.6431629999999995,0.708231086028066,70.8231086028066
wiu,gpc,188,4,t2,15.399999999999997,15.388999999999998,200,1.803,2,3.03,42,4.03,46.6,99.92857142857143,TRUE,90.14999999999999,0.42,0.030299999999999997,0.466,0.0403,6.775999999999999,6.463379999999999,0.9538636363636364,95.38636363636364
wiu,gpc,189,4,t9,17.1,13.368,NA,NA,NA,3.17,38.7,NA,NA,78.17543859649122,TRUE,NA,0.387,0.0317,NA,NA,7.524000000000001,5.1734160000000005,0.6875885167464114,68.75885167464114
wiu,gpc,190,4,t5,16.5,12.431,194,0.742,2.2,3.44,36.9,2.72,27.9,75.33939393939394,TRUE,33.72727272727272,0.369,0.0344,0.27899999999999997,0.027200000000000002,7.26,4.587039,0.6318235537190082,63.182355371900826
wiu,pcro,191,4,t0,17.1,16.115,125,1.99,2.3,NA,NA,2.18,21,94.23976608187132,TRUE,86.5217391304348,NA,NA,0.21,0.0218,7.71779943,NA,NA,NA
wiu,pcro,192,4,t8,16.6,11.812,174,1.43,2.1,3.28,39.3,3.27,34.5,71.1566265060241,TRUE,68.09523809523809,0.39299999999999996,0.032799999999999996,0.345,0.0327,7.49213278,4.642116,0.6195987359423173,61.95987359423173
wiu,pcro,193,4,t4,16.7,14.100999999999997,171,1.542,2,2.95,43.8,3.83,42.8,84.43712574850298,TRUE,77.10000000000001,0.43799999999999994,0.029500000000000002,0.428,0.0383,7.537266109999999,6.176237999999998,0.8194268199985311,81.94268199985311
wiu,pcro,194,4,t6,16.9,12.351,180,1.546,NA,3.15,35.2,3.59,37.1,73.0828402366864,TRUE,NA,0.35200000000000004,0.0315,0.371,0.0359,7.627532769999999,4.347552,0.5699814253305399,56.998142533053986
wiu,pcro,195,4,t1,16.9,17.177,173,2.003,2,2.37,42.1,3.67,45,101.63905325443787,TRUE,100.15,0.42100000000000004,0.023700000000000002,0.45,0.036699999999999997,7.627532769999999,7.231517,0.9480807514118358,94.80807514118358
wiu,pcro,196,4,t9,16.7,11.707,172,1.463,2,NA,NA,3.96,38.4,70.10179640718563,TRUE,73.15,NA,NA,0.384,0.039599999999999996,7.537266109999999,NA,NA,NA
wiu,pcro,197,4,t7,16.9,14.267999999999999,94,1.793,2.5,2.61,31.1,3.74,33.4,84.42603550295858,TRUE,71.72,0.311,0.026099999999999998,0.33399999999999996,0.0374,7.627532769999999,4.437348,0.5817540394519997,58.17540394519997
wiu,pcro,198,4,t3,17.1,15.702999999999998,178,1.734,2.1,2.55,37.8,2.97,37.6,91.83040935672513,TRUE,82.57142857142856,0.37799999999999995,0.0255,0.376,0.0297,7.71779943,5.935733999999998,0.7690966905575568,76.90966905575569
wiu,pcro,199,4,t5,16.8,13.421,NA,1.396,NA,2.84,38.5,NA,NA,79.88690476190476,TRUE,NA,0.385,0.028399999999999998,NA,NA,7.5823994400000005,5.167085,0.6814577682021985,68.14577682021985
wiu,pcro,200,4,t2,17.4,16.859,61,2.067,2.2,2.74,41.4,3.78,46.5,96.89080459770116,TRUE,93.95454545454545,0.414,0.0274,0.465,0.0378,7.853199419999999,6.9796260000000006,0.8887620989510032,88.87620989510032
isu,ar,201,1,t6,21.7,15.222999999999999,NA,1.217,NA,NA,NA,NA,NA,70.15207373271889,TRUE,NA,NA,NA,NA,NA,9.0923,NA,NA,NA
isu,ar,202,1,t3,17.999999999999996,18.227999999999998,204,1.576,2.1,2.84,43.3,3.97,47.2,101.26666666666668,TRUE,75.04761904761905,0.433,0.028399999999999998,0.47200000000000003,0.0397,7.541999999999998,7.892723999999999,1.0465027844073191,104.65027844073191
isu,ar,203,1,t0,21.999999999999996,21.919999999999998,207,2.104,2.1,3.11,43.4,3.78,48.6,99.63636363636364,TRUE,100.19047619047619,0.434,0.0311,0.486,0.0378,9.217999999999998,9.51328,1.0320329789542202,103.20329789542203
isu,ar,204,1,t7,21.9,15.796999999999997,201,1.162,2.1,2.85,41.8,3.6,42.9,72.13242009132419,TRUE,55.33333333333332,0.418,0.0285,0.429,0.036000000000000004,9.1761,6.603145999999999,0.7196026634408953,71.96026634408953
isu,ar,205,1,NA,21.7,NA,NA,NA,NA,NA,NA,NA,NA,NA,TRUE,NA,NA,NA,NA,NA,9.0923,NA,NA,NA
isu,ar,206,1,NA,20.999999999999996,NA,NA,NA,NA,NA,NA,NA,NA,NA,TRUE,NA,NA,NA,NA,NA,8.798999999999998,NA,NA,NA
isu,ar,207,1,t2,18.9,18.770999999999997,202,2.009,2.1,NA,NA,NA,NA,99.31746031746032,TRUE,95.66666666666666,NA,NA,NA,NA,7.919099999999999,NA,NA,NA
isu,ar,208,1,t8,21.999999999999996,15.009999999999998,NA,1.209,NA,3.6,41.6,NA,NA,68.22727272727272,TRUE,NA,0.41600000000000004,0.036000000000000004,NA,NA,9.217999999999998,6.24416,0.6773877196788892,67.73877196788892
isu,ar,209,1,t5,20.499999999999996,17.616999999999997,219,1.38,2.1,3.2,41.7,4.4,49.5,85.93658536585366,TRUE,65.71428571428571,0.41700000000000004,0.032,0.495,0.044000000000000004,8.589499999999997,7.346289,0.8552638686768731,85.52638686768731
isu,ar,210,1,t1,18.4,18.403999999999996,203,2.008,2.2,2.74,43.1,3.75,48.5,100.02173913043477,TRUE,91.27272727272727,0.431,0.0274,0.485,0.0375,7.709599999999999,7.932123999999998,1.0288632354467158,102.88632354467157
isu,gpc,211,1,t0,12.9,12.776,NA,1.994,NA,NA,NA,NA,NA,99.03875968992247,TRUE,NA,NA,NA,NA,NA,5.676,NA,NA,NA
isu,gpc,212,1,t9,16.3,12.889,215,1.16,2.1,2.2,43.1,4.67,44.8,79.07361963190183,TRUE,55.238095238095234,0.431,0.022000000000000002,0.44799999999999995,0.0467,7.172000000000001,5.555159,0.7745620468488565,77.45620468488565
isu,gpc,213,1,t5,12.6,11.665,214,1.442,2.1,NA,NA,NA,NA,92.57936507936508,TRUE,68.66666666666667,NA,NA,NA,NA,5.544,NA,NA,NA
isu,gpc,214,1,t8,12.7,11.602,NA,1.626,NA,NA,NA,NA,NA,91.35433070866142,TRUE,NA,NA,NA,NA,NA,5.588,NA,NA,NA
isu,gpc,215,1,t1,16.8,16.732,213,2.042,2.1,2.21,45.1,3.88,49,99.59523809523809,TRUE,97.23809523809523,0.451,0.022099999999999998,0.49,0.0388,7.392,7.546132,1.0208511904761903,102.08511904761903
isu,gpc,216,1,t2,19.5,19.154,212,1.91,2.1,2.07,44.6,3.84,48.6,98.22564102564102,TRUE,90.95238095238093,0.446,0.0207,0.486,0.0384,8.58,8.542684,0.9956508158508158,99.56508158508159
isu,gpc,217,1,t7,15.6,16.974,216,1.206,2.2,1.11,34.2,5.14,46,108.80769230769232,TRUE,54.81818181818181,0.342,0.0111,0.46,0.051399999999999994,6.864,5.805108000000001,0.8457325174825175,84.57325174825175
isu,gpc,218,1,t3,20,18.672,217,1.498,2.1,2.12,52.9,4.19,48.3,93.36,TRUE,71.33333333333333,0.529,0.0212,0.483,0.04190000000000001,8.8,9.877488000000001,1.1224418181818183,112.24418181818183
isu,gpc,219,1,t6,19.6,16.412,NA,1.238,NA,3.38,38.5,NA,NA,83.73469387755101,TRUE,NA,0.385,0.0338,NA,NA,8.624,6.31862,0.7326785714285714,73.26785714285714
isu,gpc,220,1,t4,14.299999999999999,14.016999999999998,NA,1.571,NA,NA,NA,NA,NA,98.02097902097901,TRUE,NA,NA,NA,NA,NA,6.292,NA,NA,NA
isu,wpc,221,1,t2,11.8,10.13,NA,2.037,NA,2.05,34.3,NA,NA,85.84745762711864,TRUE,NA,0.34299999999999997,0.020499999999999997,NA,NA,5.0917,3.47459,0.6824027338609894,68.24027338609893
isu,wpc,222,1,t4,8,6.8870000000000005,225,1.571,2.1,3.02,40.9,3.63,38.2,86.0875,TRUE,74.80952380952381,0.409,0.0302,0.382,0.0363,3.452,2.816783,0.8159858053302433,81.59858053302433
isu,wpc,223,1,t6,8.1,7.304,222,1.465,2.1,3.02,34.5,3.67,36.6,90.17283950617283,TRUE,69.76190476190476,0.345,0.0302,0.366,0.036699999999999997,3.4951499999999998,2.51988,0.72096476546071,72.096476546071
isu,wpc,224,1,t0,13.1,12.995,506,1.976,NA,2.61,42.2,3.82,49.1,99.19847328244275,TRUE,NA,0.42200000000000004,0.026099999999999998,0.491,0.0382,5.6526499999999995,5.483890000000001,0.9701449762500776,97.01449762500775
isu,wpc,225,1,t7,10.3,6.811,507,1.781,NA,3.09,34.4,2.75,24.6,66.126213592233,TRUE,NA,0.344,0.030899999999999997,0.24600000000000002,0.0275,4.444450000000001,2.342984,0.5271707410365736,52.71707410365736
isu,wpc,226,1,t5,7.800000000000001,10.203,NA,NA,NA,3.24,40.9,NA,NA,130.8076923076923,TRUE,NA,0.409,0.032400000000000005,NA,NA,3.3657000000000004,4.173026999999999,1.239868972279169,123.9868972279169
isu,wpc,227,1,t3,10.7,10.098,228,1.718,2.1,2.87,39.5,2.99,31.9,94.37383177570095,TRUE,81.80952380952381,0.395,0.0287,0.319,0.029900000000000003,4.61705,3.9887100000000006,0.8639087729177723,86.39087729177723
isu,wpc,228,1,t1,8.5,8.492,223,2.197,2.3,2.88,43.1,3.91,47.2,99.90588235294119,TRUE,95.5217391304348,0.431,0.0288,0.47200000000000003,0.0391,3.66775,3.6600520000000003,0.9979011655647196,99.79011655647196
isu,wpc,229,1,t9,12,10.069,230,1.383,2.1,3.09,39.4,3.51,36,83.90833333333335,TRUE,65.85714285714286,0.39399999999999996,0.030899999999999997,0.36,0.0351,5.178,3.967186,0.7661618385477018,76.61618385477018
isu,wpc,230,1,t8,20.4,16.738,229,1.337,2,3.42,41.2,4.63,46.2,82.04901960784315,TRUE,66.85,0.41200000000000003,0.0342,0.462,0.0463,8.8026,6.896056000000001,0.783411264853566,78.34112648535661
isu,cr,231,1,t0,18.9,18.15,236,2.023,2.1,2.08,43.2,3.67,48.5,96.03174603174604,TRUE,96.33333333333334,0.43200000000000005,0.0208,0.485,0.036699999999999997,8.037225,7.840800000000001,0.9755605946082138,97.55605946082137
isu,cr,232,1,t5,18.6,14.501,232,1.249,2.1,2.62,42.5,4.92,45.9,77.96236559139784,TRUE,59.47619047619048,0.425,0.0262,0.45899999999999996,0.0492,7.909650000000001,6.1629249999999995,0.779165323370819,77.9165323370819
isu,cr,233,1,t4,18.5,15.873,238,1.53,2.1,2.36,42.7,4.29,46.2,85.8,TRUE,72.85714285714285,0.42700000000000005,0.0236,0.462,0.0429,7.867125000000001,6.777771,0.8615308641975309,86.1530864197531
isu,cr,234,1,t3,18.2,16.88,NA,1.727,NA,NA,NA,NA,NA,92.74725274725274,TRUE,NA,NA,NA,NA,NA,7.73955,NA,NA,NA
isu,cr,235,1,t7,17.8,12.976,234,1.162,2,2.85,41.1,3.98,43.3,72.89887640449439,TRUE,58.099999999999994,0.41100000000000003,0.0285,0.433,0.0398,7.569450000000001,5.3331360000000005,0.7045605691298575,70.45605691298576
isu,cr,236,1,t9,19.2,13.792,240,1.258,2.1,2.96,43.8,4.58,46.3,71.83333333333334,TRUE,59.904761904761905,0.43799999999999994,0.0296,0.46299999999999997,0.0458,8.1648,6.040895999999999,0.7398706643151087,73.98706643151087
isu,cr,237,1,t1,18.7,18.529,239,1.996,2,1.96,43.1,3.78,48.7,99.0855614973262,TRUE,99.8,0.431,0.0196,0.48700000000000004,0.0378,7.952175,7.985999,1.0042534275214012,100.42534275214012
isu,cr,238,1,t6,19.4,14.851999999999999,233,1.248,2.1,2.45,38.6,4.18,44.1,76.55670103092783,TRUE,59.42857142857143,0.386,0.0245,0.441,0.0418,8.24985,5.7328719999999995,0.6949062104159469,69.4906210415947
isu,cr,239,1,t8,18.3,12.541,235,1.074,2,2.1,42.4,4.4,44.5,68.53005464480874,TRUE,53.7,0.424,0.021,0.445,0.044000000000000004,7.782075000000001,5.317384,0.6832861415496508,68.32861415496508
isu,cr,240,1,t2,19.2,18.115,231,1.965,2.1,1.81,42.4,NA,NA,94.34895833333333,TRUE,93.57142857142857,0.424,0.0181,NA,NA,8.1648,7.680759999999999,0.940716245345875,94.0716245345875
isu,pcro,241,1,t7,17.9,15.144999999999998,NA,NA,NA,2.7,28.4,NA,NA,84.60893854748602,TRUE,NA,0.284,0.027000000000000003,NA,NA,8.078866069999998,4.301179999999999,0.5323989731643118,53.23989731643118
isu,pcro,242,1,t9,17.6,12.293,524,1.214,NA,3.56,41.8,0.498,3.97,69.8465909090909,TRUE,NA,0.418,0.0356,0.0397,0.00498,7.94346608,5.1384739999999995,0.6468805869188025,64.68805869188024
isu,pcro,243,1,t4,18.1,15.768999999999997,248,1.481,2.2,3.91,43.7,4.84,48,87.12154696132595,TRUE,67.31818181818183,0.43700000000000006,0.0391,0.48,0.0484,8.169132730000001,6.891052999999999,0.8435476846512198,84.35476846512198
isu,pcro,244,1,t2,18.2,17.638,249,2.016,2.1,3.29,43.9,3.71,47.9,96.91208791208793,TRUE,96,0.439,0.0329,0.479,0.0371,8.21426606,7.743082000000001,0.9426383250118394,94.26383250118394
isu,pcro,245,1,t1,18.4,18.204,NA,2.086,NA,3.57,43.6,NA,NA,98.93478260869566,TRUE,NA,0.436,0.035699999999999996,NA,NA,8.30453272,7.9369440000000004,0.9557363752550789,95.57363752550789
isu,pcro,246,1,t3,18.6,16.527,247,1.709,2.1,3.8,43.6,4.18,44.4,88.85483870967742,TRUE,81.38095238095238,0.436,0.038,0.444,0.0418,8.39479938,7.2057720000000005,0.8583614299547442,85.83614299547442
isu,pcro,247,1,t5,18.3,13.839999999999998,245,1.292,2,4.16,42.9,4.81,44.5,75.62841530054644,TRUE,64.60000000000001,0.429,0.0416,0.445,0.0481,8.25939939,5.937359999999999,0.7188609872999493,71.88609872999493
isu,pcro,248,1,t8,18.3,13.777,242,1.897,2.1,3.85,35.4,2.43,23.4,75.28415300546447,TRUE,90.33333333333333,0.354,0.0385,0.23399999999999999,0.024300000000000002,8.25939939,4.877058,0.5904857931806589,59.04857931806588
isu,pcro,249,1,t0,19.4,19.138,243,1.983,2,3.84,45.3,3.74,48.6,98.64948453608248,TRUE,99.15,0.45299999999999996,0.0384,0.486,0.0374,8.75586602,8.669514,0.9901378093494401,99.01378093494401
isu,pcro,250,1,t6,18.6,13.236,NA,NA,NA,4.65,42.7,NA,NA,71.16129032258064,TRUE,NA,0.42700000000000005,0.04650000000000001,NA,NA,8.39479938,5.651772000000001,0.6732468215339293,67.32468215339293
isu,wpc,251,2,t4,18.4,16.603,NA,1.678,NA,NA,NA,NA,NA,90.23369565217394,TRUE,NA,NA,NA,NA,NA,7.9395999999999995,NA,NA,NA
isu,wpc,252,2,t3,19,17.843,NA,1.795,NA,NA,NA,NA,NA,93.91052631578948,TRUE,NA,NA,NA,NA,NA,8.1985,NA,NA,NA
isu,wpc,253,2,t1,19,18.368,250,2.228,2,2.83,45.3,3.83,48.9,96.67368421052632,TRUE,111.4,0.45299999999999996,0.028300000000000002,0.489,0.0383,8.1985,8.320704,1.0149056534731964,101.49056534731965
isu,wpc,254,2,t9,18.7,15.955999999999998,504,1.747,NA,2.7,34.4,3.34,30.8,85.32620320855614,TRUE,NA,0.344,0.027000000000000003,0.308,0.0334,8.069049999999999,5.488863999999999,0.6802367069233676,68.02367069233675
isu,wpc,255,2,t8,18.4,16.427,NA,2.179,NA,2.41,32.9,NA,NA,89.27717391304348,TRUE,NA,0.32899999999999996,0.0241,NA,NA,7.9395999999999995,5.404482999999999,0.6806996574134716,68.06996574134716
isu,wpc,256,2,t2,18.4,17.626,NA,2.014,NA,2.48,44,NA,NA,95.79347826086958,TRUE,NA,0.44,0.0248,NA,NA,7.9395999999999995,7.755440000000001,0.9768048768199911,97.68048768199911
isu,wpc,257,2,t7,18.6,16.555,502,1.983,NA,3.05,35.3,2.06,19.3,89.00537634408602,TRUE,NA,0.353,0.0305,0.193,0.0206,8.0259,5.843915,0.728132047496231,72.8132047496231
isu,wpc,258,2,t5,19,17.289,NA,1.903,NA,NA,NA,NA,NA,90.99473684210527,TRUE,NA,NA,NA,NA,NA,8.1985,NA,NA,NA
isu,wpc,259,2,t0,18.3,17.683,252,2.399,2.5,NA,NA,5.18,49.3,96.62841530054645,TRUE,95.96000000000001,NA,NA,0.493,0.0518,7.896450000000001,NA,NA,NA
isu,wpc,260,2,t6,18.8,16.751,503,1.637,NA,2.75,36,3.51,32.5,89.10106382978724,TRUE,NA,0.36,0.0275,0.325,0.0351,8.1122,6.03036,0.7433692463203571,74.3369246320357
isu,cr,261,2,t1,16.9,16.772999999999996,267,2.028,2.1,1.78,43.3,3.44,46.4,99.24852071005915,TRUE,96.57142857142857,0.433,0.0178,0.46399999999999997,0.0344,7.186725,7.262708999999998,1.0105728269830832,101.05728269830831
isu,cr,262,2,t6,17.299999999999997,13.171,261,1.285,2.2,2.43,41.9,3.47,32.4,76.13294797687861,TRUE,58.4090909090909,0.419,0.024300000000000002,0.324,0.0347,7.356824999999999,5.518649,0.7501400400308558,75.01400400308557
isu,cr,263,2,t2,19.2,18.733999999999998,224,1.941,2.1,2,43.6,3.9,48.9,97.57291666666667,TRUE,92.42857142857143,0.436,0.02,0.489,0.039,8.1648,8.168023999999999,1.0003948657652362,100.03948657652361
isu,cr,264,2,t9,16.9,13.668000000000003,510,1.345,NA,1.99,43,5.17,49.4,80.87573964497044,TRUE,NA,0.43,0.0199,0.494,0.051699999999999996,7.186725,5.877240000000001,0.8177911357398538,81.77911357398538
isu,cr,265,2,t4,20.2,18.049,508,1.463,NA,2.19,42.8,4.49,46.1,89.35148514851485,TRUE,NA,0.428,0.0219,0.461,0.0449,8.59005,7.724971999999999,0.8992930192490148,89.92930192490148
isu,cr,266,2,t7,22.499999999999996,16.348,509,1.049,NA,2.79,42.1,5.3,48.7,72.65777777777778,TRUE,NA,0.42100000000000004,0.0279,0.48700000000000004,0.053,9.568124999999998,6.8825080000000005,0.7193162714742963,71.93162714742964
isu,cr,267,2,NA,20.599999999999998,NA,NA,NA,NA,NA,NA,NA,NA,NA,TRUE,NA,NA,NA,NA,NA,8.76015,NA,NA,NA
isu,cr,268,2,t5,22.7,18.671999999999997,246,1.27,2.1,2.89,42.4,5.01,47.2,82.2555066079295,TRUE,60.476190476190474,0.424,0.028900000000000002,0.47200000000000003,0.0501,9.653175000000001,7.916927999999999,0.8201372087422012,82.01372087422013
isu,cr,269,2,t3,20.599999999999998,18.198999999999998,208,1.814,2.2,2.4,43.7,4.22,48.5,88.34466019417476,TRUE,82.45454545454545,0.43700000000000006,0.024,0.485,0.042199999999999994,8.76015,7.9529630000000004,0.9078569430888742,90.78569430888741
isu,cr,270,2,t0,22.499999999999996,22.075,265,2.008,2.1,2.12,43.1,3.77,47.5,98.11111111111113,TRUE,95.61904761904762,0.431,0.0212,0.475,0.0377,9.568124999999998,9.514325,0.99437716375988,99.43771637598799
isu,pcro,271,2,t0,18.2,18.055,226,NA,2.2,4.02,44.2,2.97,43.8,99.2032967032967,TRUE,NA,0.442,0.04019999999999999,0.43799999999999994,0.0297,8.21426606,7.98031,0.9715183245476712,97.15183245476712
isu,pcro,272,2,t3,17.5,15.697999999999997,518,1.669,NA,3.86,43.2,4.16,45.6,89.70285714285713,TRUE,NA,0.43200000000000005,0.038599999999999995,0.456,0.0416,7.89833275,6.781535999999999,0.8586034818550787,85.86034818550787
isu,pcro,273,2,t7,17.7,12.157,520,1.732,NA,4.13,36.7,2.59,23.8,68.68361581920904,TRUE,NA,0.36700000000000005,0.041299999999999996,0.23800000000000002,0.0259,7.98859941,4.461619000000001,0.5584982762328798,55.849827623287986
isu,pcro,274,2,t1,18.3,NA,271,2.182,2.2,NA,NA,NA,NA,NA,TRUE,99.18181818181817,NA,NA,NA,NA,8.25939939,NA,NA,NA
isu,pcro,275,2,t4,18.8,15.671999999999999,279,1.388,2.2,4,43.3,4.53,46.7,83.36170212765957,TRUE,63.090909090909086,0.433,0.04,0.467,0.0453,8.48506604,6.785976,0.7997552367901193,79.97552367901193
isu,pcro,276,2,t6,18.6,14.629999999999997,NA,1.571,NA,4.43,39.1,NA,NA,78.65591397849461,TRUE,NA,0.391,0.0443,NA,NA,8.39479938,5.720329999999999,0.6814135443937195,68.14135443937195
isu,pcro,277,2,t9,18.6,14.144999999999998,519,1.627,NA,4.15,37.4,4.29,39.3,76.04838709677418,TRUE,NA,0.374,0.0415,0.39299999999999996,0.0429,8.39479938,5.290229999999999,0.630179443311485,63.0179443311485
isu,pcro,278,2,t2,18.8,18.217,521,2.276,NA,4.17,44.4,4,48.8,96.89893617021276,TRUE,NA,0.444,0.0417,0.488,0.04,8.48506604,8.088348,0.9532451441002574,95.32451441002574
isu,pcro,279,2,t5,17.6,14.800999999999997,511,1.461,NA,4.38,43.4,4.17,42.4,84.09659090909088,TRUE,NA,0.434,0.0438,0.424,0.0417,7.94346608,6.423633999999998,0.8086689028827574,80.86689028827574
isu,pcro,280,2,t8,19,11.15,378,1.475,2.2,4.66,41.5,4.51,42.1,58.684210526315795,TRUE,67.04545454545455,0.415,0.0466,0.42100000000000004,0.0451,8.5753327,4.62725,0.5396000554007659,53.960005540076594
isu,ar,281,2,NA,19.9,NA,NA,NA,NA,NA,NA,NA,NA,NA,TRUE,NA,NA,NA,NA,NA,8.338099999999999,NA,NA,NA
isu,ar,282,2,t3,23.099999999999998,21.130999999999997,284,1.65,2.3,3.21,43.1,3.91,42.6,91.47619047619047,TRUE,71.73913043478261,0.431,0.0321,0.426,0.0391,9.678899999999999,9.107460999999999,0.9409603364018638,94.09603364018638
isu,ar,283,2,NA,21.4,NA,NA,NA,NA,NA,NA,NA,NA,NA,TRUE,NA,NA,NA,NA,NA,8.9666,NA,NA,NA
isu,ar,284,2,t6,21.499999999999996,15.848999999999997,289,2.317,2.4,3,33.5,2.34,22.6,73.71627906976744,TRUE,96.54166666666669,0.335,0.03,0.226,0.023399999999999997,9.008499999999998,5.3094149999999996,0.5893783648776156,58.937836487761565
isu,ar,285,2,t2,21.999999999999996,20.587999999999997,210,1.95,2.1,NA,NA,4.57,47.3,93.58181818181819,TRUE,92.85714285714285,NA,NA,0.473,0.045700000000000005,9.217999999999998,NA,NA,NA
isu,ar,286,2,t1,20.9,19.011999999999997,526,2.222,NA,3,34.1,2.93,28.4,90.96650717703348,TRUE,NA,0.341,0.03,0.284,0.029300000000000003,8.7571,6.483091999999999,0.740324079889461,74.0324079889461
isu,ar,287,2,t9,22.299999999999997,15.332999999999998,NA,NA,NA,3.4,36.8,NA,NA,68.75784753363229,TRUE,NA,0.368,0.034,NA,NA,9.343699999999998,5.642543999999999,0.6038875391975341,60.38875391975341
isu,ar,288,2,t5,18.999999999999996,17.476,283,1.428,2.1,3.42,41,4.46,48.8,91.97894736842106,TRUE,68,0.41,0.0342,0.488,0.0446,7.9609999999999985,7.165159999999999,0.9000326592136667,90.00326592136668
isu,ar,288,2,t5,18.999999999999996,17.476,283,1.428,2.1,3.42,41,3.99,38.6,91.97894736842106,TRUE,68,0.41,0.0342,0.386,0.039900000000000005,7.9609999999999985,7.165159999999999,0.9000326592136667,90.00326592136668
isu,ar,289,2,t7,21.599999999999998,14.454999999999998,525,1.398,NA,3.18,32.5,3.8,36.3,66.92129629629629,TRUE,NA,0.325,0.0318,0.363,0.038,9.050399999999998,4.697875,0.5190792672147089,51.907926721470886
isu,ar,290,2,NA,21.999999999999996,NA,NA,NA,NA,NA,NA,NA,NA,NA,TRUE,NA,NA,NA,NA,NA,9.217999999999998,NA,NA,NA
isu,gpc,291,2,t5,2.4000000000000004,2.3740000000000006,NA,1.498,NA,NA,NA,NA,NA,98.91666666666667,TRUE,NA,NA,NA,NA,NA,1.0560000000000003,NA,NA,NA
isu,gpc,292,2,NA,2.2,NA,NA,NA,NA,NA,NA,NA,NA,NA,TRUE,NA,NA,NA,NA,NA,0.9680000000000001,NA,NA,NA
isu,gpc,293,2,t2,8.7,8.329,300,2.078,2.3,2.41,44.1,3.25,47.2,95.73563218390805,TRUE,90.34782608695652,0.441,0.0241,0.47200000000000003,0.0325,3.828,3.6730890000000005,0.9595321316614421,95.95321316614421
isu,gpc,294,2,NA,8.900000000000002,NA,NA,NA,NA,NA,NA,NA,NA,NA,TRUE,NA,NA,NA,NA,NA,3.916000000000001,NA,NA,NA
isu,gpc,295,2,t3,8.2,7.598,262,1.746,2.3,2.88,42.4,3.69,43.7,92.65853658536585,TRUE,75.91304347826087,0.424,0.0288,0.43700000000000006,0.0369,3.6079999999999997,3.221552,0.8928913525498892,89.28913525498892
isu,gpc,296,2,t9,9.100000000000001,7.652,221,1.758,2.1,2.94,31.4,3.2,29.9,84.08791208791207,TRUE,83.71428571428571,0.314,0.0294,0.299,0.032,4.0040000000000004,2.402728,0.600081918081918,60.0081918081918
isu,gpc,297,2,NA,9.400000000000002,NA,NA,NA,NA,NA,NA,NA,NA,NA,TRUE,NA,NA,NA,NA,NA,4.136000000000001,NA,NA,NA
isu,gpc,298,2,NA,3.8,3.0280000000000005,291,1.632,2.3,NA,NA,NA,NA,79.68421052631581,TRUE,70.95652173913044,NA,NA,NA,NA,1.672,NA,NA,NA
isu,gpc,299,2,t1,9.100000000000001,8.794,296,1.966,2.1,2.44,43.2,3.8,48.6,96.63736263736263,TRUE,93.6190476190476,0.43200000000000005,0.024399999999999998,0.486,0.038,4.0040000000000004,3.7990080000000006,0.9488031968031968,94.88031968031969
isu,gpc,300,2,t4,8.600000000000001,7.680000000000001,251,1.626,2.2,2.69,41.6,4.15,43.4,89.30232558139534,TRUE,73.9090909090909,0.41600000000000004,0.0269,0.434,0.0415,3.7840000000000007,3.1948800000000004,0.8443128964059196,84.43128964059196
isu,gpc,301,3,t4,14.1,12.074,310,1.589,2.1,2.42,42.4,4.13,47.5,85.63120567375887,TRUE,75.66666666666666,0.424,0.0242,0.475,0.041299999999999996,6.204,5.119376,0.8251734364925855,82.51734364925855
isu,gpc,302,3,t7,13.5,10.925,301,1.253,2.1,NA,NA,4.42,39.5,80.92592592592594,TRUE,59.66666666666666,NA,NA,0.395,0.044199999999999996,5.94,NA,NA,NA
isu,gpc,303,3,t5,13.999999999999998,11.478,302,1.231,2.1,3.13,42.9,5.01,46.9,81.9857142857143,TRUE,58.61904761904763,0.429,0.0313,0.469,0.0501,6.159999999999999,4.924062,0.7993607142857144,79.93607142857144
isu,gpc,304,3,t9,14.199999999999998,9.527,309,1.252,2,3.82,44,4.99,48.6,67.09154929577466,TRUE,62.6,0.44,0.0382,0.486,0.0499,6.247999999999999,4.191879999999999,0.6709154929577464,67.09154929577464
isu,gpc,305,3,t0,13.999999999999998,13.445,107,2.136,2.4,NA,NA,NA,NA,96.0357142857143,TRUE,89.00000000000001,NA,NA,NA,NA,6.159999999999999,NA,NA,NA
isu,gpc,306,3,t6,13.999999999999998,10.843,NA,1.498,NA,3.23,36.7,NA,NA,77.45,TRUE,NA,0.36700000000000005,0.0323,NA,NA,6.159999999999999,3.9793810000000005,0.6460034090909093,64.60034090909093
isu,gpc,307,3,t3,13.6,12.327,303,1.68,2.1,2.78,43.9,4.15,48.9,90.63970588235294,TRUE,80,0.439,0.0278,0.489,0.0415,5.984,5.411553,0.9043370655080213,90.43370655080213
isu,gpc,308,3,t8,13.999999999999998,11.618,305,1.314,2.3,2.83,42.6,4.49,46.1,82.9857142857143,TRUE,57.13043478260871,0.426,0.028300000000000002,0.461,0.0449,6.159999999999999,4.949268,0.8034525974025974,80.34525974025975
isu,gpc,309,3,t2,14,12.841000000000001,306,1.873,2,2.75,42.5,3.6,45.6,91.72142857142858,TRUE,93.65,0.425,0.0275,0.456,0.036000000000000004,6.16,5.457425000000001,0.885945616883117,88.5945616883117
isu,gpc,310,3,t1,14.399999999999997,13.917999999999997,508,1.917,NA,NA,NA,4.49,46.1,96.65277777777777,TRUE,NA,NA,NA,0.461,0.0449,6.3359999999999985,NA,NA,NA
isu,ar,311,3,t6,16.099999999999998,14.299,318,1.154,2.2,2.23,34.6,4.21,40.8,88.8136645962733,TRUE,52.45454545454544,0.34600000000000003,0.0223,0.408,0.0421,6.745899999999999,4.9474540000000005,0.7334016217257892,73.34016217257891
isu,ar,312,3,t4,20.9,19.008999999999997,312,1.475,2.1,1.91,40,4.53,48.4,90.95215311004785,TRUE,70.23809523809524,0.4,0.0191,0.484,0.0453,8.7571,7.603599999999999,0.868278311313106,86.82783113131059
isu,ar,313,3,t8,18.999999999999996,16.281999999999996,NA,NA,NA,2.06,36.1,NA,NA,85.69473684210526,TRUE,NA,0.361,0.0206,NA,NA,7.9609999999999985,5.877801999999998,0.7383245823389021,73.83245823389021
isu,ar,314,3,t2,18.4,18.273999999999997,311,1.87,2,NA,NA,NA,NA,99.31521739130434,TRUE,93.5,NA,NA,NA,NA,7.709599999999999,NA,NA,NA
isu,ar,315,3,t7,20.9,17.691,317,1.274,2.1,2.25,36.6,4.75,42.8,84.64593301435407,TRUE,60.66666666666667,0.366,0.0225,0.428,0.0475,8.7571,6.474906,0.7393892955430451,73.93892955430451
isu,ar,316,3,t1,18.999999999999996,18.921,319,2.049,2.1,1.83,41.2,3.92,49,99.58421052631581,TRUE,97.57142857142857,0.41200000000000003,0.0183,0.49,0.0392,7.9609999999999985,7.795452,0.9792051249842987,97.92051249842987
isu,ar,317,3,t0,18.099999999999998,18.016,515,2.085,NA,1.8,39.4,5.3,49,99.53591160220995,TRUE,NA,0.39399999999999996,0.018000000000000002,0.49,0.053,7.583899999999999,7.098303999999999,0.9359701472856973,93.59701472856973
isu,ar,318,3,t9,18.099999999999998,15.344999999999999,314,1.18,2.1,2.3,40.4,5.17,46.2,84.77900552486189,TRUE,56.19047619047619,0.40399999999999997,0.023,0.462,0.051699999999999996,7.583899999999999,6.199379999999999,0.8174395759437756,81.74395759437756
isu,ar,319,3,t3,20.4,18.926,320,1.62,2.1,1.92,41.9,4.33,48.5,92.77450980392157,TRUE,77.14285714285715,0.419,0.0192,0.485,0.0433,8.5476,7.929993999999999,0.9277450980392157,92.77450980392157
isu,ar,320,3,t5,19.8,17.455,316,1.419,2.2,2.12,38.6,4.73,48.2,88.15656565656565,TRUE,64.5,0.386,0.0212,0.48200000000000004,0.0473,8.2962,6.737629999999999,0.8121344712036834,81.21344712036834
isu,pcro,321,3,t8,18,12.467,329,1.497,2.3,4.12,41.1,3.95,35.9,69.26111111111112,TRUE,65.08695652173914,0.41100000000000003,0.0412,0.359,0.0395,8.1239994,5.123937000000001,0.6307160731695771,63.07160731695771
isu,pcro,322,3,t4,18,13.786,324,1.506,2,3.75,44.1,4.42,46.6,76.58888888888889,TRUE,75.3,0.441,0.0375,0.466,0.044199999999999996,8.1239994,6.079626,0.7483538218872837,74.83538218872837
isu,pcro,323,3,t1,18.7,18.823,322,2.023,2.1,3.77,45.5,3.85,48.3,100.65775401069519,TRUE,96.33333333333334,0.455,0.0377,0.483,0.0385,8.439932709999999,8.564465,1.014755128302439,101.4755128302439
isu,pcro,324,3,t0,18.7,18.782,325,2.141,2.2,3.63,45.2,3.83,48.4,100.43850267379679,TRUE,97.31818181818181,0.452,0.0363,0.484,0.0383,8.439932709999999,8.489464,1.0058686830454602,100.58686830454602
isu,pcro,325,3,t3,18.6,17.162,328,1.489,2.1,4.05,44.9,4.41,47.4,92.26881720430107,TRUE,70.9047619047619,0.449,0.0405,0.474,0.0441,8.39479938,7.705737999999999,0.9179180646482583,91.79180646482583
isu,pcro,326,3,t7,18,11.651,327,1.214,2.1,3.87,44.5,5.29,48.3,64.72777777777777,TRUE,57.80952380952381,0.445,0.0387,0.483,0.0529,8.1239994,5.184695,0.638194901885394,63.8194901885394
isu,pcro,327,3,t2,17.9,17.428,326,1.985,2.1,3.85,45.7,3.93,48.6,97.36312849162012,TRUE,94.52380952380952,0.457,0.0385,0.486,0.0393,8.078866069999998,7.964596000000001,0.9858556796201479,98.58556796201479
isu,pcro,328,3,t9,18.1,13.28,323,1.619,2.3,3.75,40.3,4.06,36.1,73.37016574585634,TRUE,70.3913043478261,0.40299999999999997,0.0375,0.361,0.0406,8.169132730000001,5.351839999999999,0.6551295194832755,65.51295194832754
isu,pcro,329,3,t6,17.9,13.981,321,1.388,2.3,4.19,44.8,NA,NA,78.10614525139665,TRUE,60.34782608695652,0.44799999999999995,0.04190000000000001,NA,NA,8.078866069999998,6.263488,0.7752929613796656,77.52929613796657
isu,pcro,330,3,t5,18.3,14.925999999999997,330,1.463,2.1,3.84,44,4.4,44.1,81.56284153005461,TRUE,69.66666666666667,0.44,0.0384,0.441,0.044000000000000004,8.25939939,6.567439999999999,0.7951474059907397,79.51474059907397
isu,wpc,331,3,t2,8.6,8.241,333,1.995,2.1,NA,NA,4.48,45,95.82558139534883,TRUE,95,NA,NA,0.45,0.044800000000000006,3.7108999999999996,NA,NA,NA
isu,wpc,332,3,t7,7.9,7.446999999999999,335,1.696,2.2,2.26,25.8,3.47,32.1,94.26582278481011,TRUE,77.0909090909091,0.258,0.0226,0.321,0.0347,3.40885,1.9213259999999999,0.5636287897678102,56.36287897678102
isu,wpc,333,3,t3,8.1,7.502000000000001,334,1.63,2,2.99,42.4,4.18,47.5,92.6172839506173,TRUE,81.5,0.424,0.029900000000000003,0.475,0.0418,3.4951499999999998,3.180848,0.9100748179620332,91.00748179620332
isu,wpc,334,3,t1,7.1,6.992000000000001,338,1.975,2.1,2.68,44.4,3.91,48.1,98.47887323943664,TRUE,94.04761904761905,0.444,0.0268,0.48100000000000004,0.0391,3.06365,3.1044480000000005,1.013316795325837,101.3316795325837
isu,wpc,335,3,t0,8.1,7.949,337,2.107,2.2,2.72,44.1,3.7,48.6,98.1358024691358,TRUE,95.77272727272728,0.441,0.027200000000000002,0.486,0.037000000000000005,3.4951499999999998,3.505509,1.0029638212952234,100.29638212952234
isu,wpc,336,3,t6,8.6,7.829000000000001,331,1.743,2.1,2.9,33,3.3,30.5,91.03488372093025,TRUE,83,0.33,0.028999999999999998,0.305,0.033,3.7108999999999996,2.5835700000000004,0.6962111617127922,69.62111617127921
isu,wpc,337,3,t5,8,6.98,339,1.568,2.2,2.89,39.7,4.03,41.2,87.25,TRUE,71.27272727272727,0.397,0.028900000000000002,0.41200000000000003,0.0403,3.452,2.7710600000000003,0.8027404403244497,80.27404403244496
isu,wpc,338,3,t9,6.5,5.946999999999999,340,1.446,2,2.73,32.8,3.38,34.6,91.49230769230769,TRUE,72.3,0.32799999999999996,0.0273,0.34600000000000003,0.0338,2.80475,1.9506159999999995,0.6954687583563596,69.54687583563596
isu,wpc,339,3,t8,7.4,5.869999999999999,336,1.36,2,3.25,36.1,3.46,33.2,79.32432432432431,TRUE,68,0.361,0.0325,0.332,0.0346,3.1931000000000003,2.11907,0.663640349503617,66.3640349503617
isu,wpc,340,3,t4,7.699999999999999,6.960000000000001,332,1.708,2.2,2.69,41.8,3.8,41.5,90.38961038961041,TRUE,77.63636363636363,0.418,0.0269,0.415,0.038,3.3225499999999997,2.9092800000000003,0.8756166197649398,87.56166197649398
isu,cr,341,3,NA,21.3,NA,NA,NA,NA,NA,NA,NA,NA,NA,TRUE,NA,NA,NA,NA,NA,9.057825000000001,NA,NA,NA
isu,cr,342,3,t4,21.1,17.846,347,1.365,2.1,NA,NA,NA,NA,84.5781990521327,TRUE,65,NA,NA,NA,NA,8.972775,NA,NA,NA
isu,cr,343,3,t3,21,18.191,343,1.338,2.2,NA,NA,NA,NA,86.62380952380951,TRUE,60.81818181818181,NA,NA,NA,NA,8.930250000000001,NA,NA,NA
isu,cr,344,3,t1,18.4,18.043,348,1.963,2,NA,NA,NA,NA,98.05978260869566,TRUE,98.15,NA,NA,NA,NA,7.824599999999999,NA,NA,NA
isu,cr,345,3,t5,18.1,15.835999999999997,341,1.195,2.2,NA,NA,NA,NA,87.4917127071823,TRUE,54.31818181818182,NA,NA,NA,NA,7.697025000000001,NA,NA,NA
isu,cr,346,3,NA,20.6,NA,NA,NA,NA,NA,NA,NA,NA,NA,TRUE,NA,NA,NA,NA,NA,8.760150000000001,NA,NA,NA
isu,cr,347,3,t7,17.7,18.361,289,1.605,2.4,NA,NA,2.34,22.6,103.73446327683618,TRUE,66.875,NA,NA,0.226,0.023399999999999997,7.526925,NA,NA,NA
isu,cr,348,3,t6,18.6,17.792,345,1.121,2.1,NA,NA,NA,NA,95.65591397849462,TRUE,53.38095238095237,NA,NA,NA,NA,7.909650000000001,NA,NA,NA
isu,cr,349,3,t0,16.8,16.463,342,2.028,2.1,NA,NA,NA,NA,97.99404761904762,TRUE,96.57142857142857,NA,NA,NA,NA,7.1442000000000005,NA,NA,NA
isu,cr,350,3,t2,20,19.324,349,1.979,2.1,NA,NA,NA,NA,96.62,TRUE,94.23809523809524,NA,NA,NA,NA,8.505,NA,NA,NA
isu,pcro,351,4,t7,13.999999999999998,9.738,352,1.2,2.3,4.67,41.8,5.27,47.2,69.55714285714286,TRUE,52.17391304347826,0.418,0.0467,0.47200000000000003,0.0527,6.318666199999999,4.0704839999999995,0.6441998787655534,64.41998787655534
isu,pcro,352,4,t9,13.3,9.847,253,1.236,2.1,4.88,43.4,4.95,43.9,74.0375939849624,TRUE,58.857142857142854,0.434,0.048799999999999996,0.439,0.0495,6.00273289,4.273598,0.7119420567787417,71.19420567787417
isu,pcro,353,4,t1,13.1,13.041,257,1.969,2.1,4.83,43.9,3.87,47.5,99.54961832061069,TRUE,93.76190476190476,0.439,0.0483,0.475,0.0387,5.91246623,5.724999,0.9682928878225493,96.82928878225493
isu,pcro,354,4,t2,13.899999999999997,13.348,254,1.946,2.1,5.31,45.1,3.9,48.3,96.0287769784173,TRUE,92.66666666666666,0.451,0.053099999999999994,0.483,0.039,6.273532869999999,6.019948,0.9595786177812761,95.95786177812761
isu,pcro,355,4,t4,13.999999999999998,11.706,523,1.933,NA,4.9,44.5,4.18,47.1,83.61428571428571,TRUE,NA,0.445,0.049,0.47100000000000003,0.0418,6.318666199999999,5.20917,0.8244097464746596,82.44097464746596
isu,pcro,356,4,t3,13.2,11.047,505,1.47,NA,4.68,44.1,2.83,29.7,83.68939393939395,TRUE,NA,0.441,0.046799999999999994,0.297,0.028300000000000002,5.957599559999999,4.871727,0.8177332079700906,81.77332079700906
isu,pcro,357,4,t5,13.899999999999997,10.322,NA,1.608,NA,4.59,43.2,NA,NA,74.25899280575541,TRUE,NA,0.43200000000000005,0.045899999999999996,NA,NA,6.273532869999999,4.459104,0.7107803676814084,71.07803676814083
isu,pcro,358,4,t6,14.1,10.29,255,1.432,2,4.81,43.4,5.15,47,72.97872340425532,TRUE,71.6,0.434,0.0481,0.47,0.051500000000000004,6.36379953,4.465859999999999,0.7017600065726771,70.176000657267707
isu,pcro,358,4,t6,14.1,10.29,255,1.432,2,4.81,43.4,4.63,46.6,72.97872340425532,TRUE,71.6,0.434,0.0481,0.466,0.0463,6.36379953,4.465859999999999,0.7017600065726771,70.176000657267707
isu,pcro,359,4,t0,14.1,13.985999999999999,259,2.211,2.1,5.51,44.9,3.89,48.7,99.19148936170212,TRUE,105.28571428571428,0.449,0.055099999999999996,0.48700000000000004,0.038900000000000004,6.36379953,6.279713999999999,0.9867868983610173,98.67868983610173
isu,pcro,360,4,t8,14.299999999999999,9.409,NA,1.354,NA,5.27,43.9,NA,NA,65.7972027972028,TRUE,NA,0.439,0.0527,NA,NA,6.45406619,4.1305510000000005,0.6399920419781131,63.99920419781131
isu,cr,361,4,t6,19.8,15.993999999999998,512,1.213,NA,2.19,39.7,5.22,48.6,80.77777777777776,TRUE,NA,0.397,0.0219,0.486,0.052199999999999996,8.41995,6.3496179999999995,0.7541158795479782,75.41158795479782
isu,cr,362,4,t1,19.3,19.048,270,2.064,2.1,1.78,43.2,3.79,48,98.6943005181347,TRUE,98.28571428571429,0.43200000000000005,0.0178,0.48,0.0379,8.207325,8.228736,1.0026087671683526,100.26087671683526
isu,cr,363,4,t8,20,16.287,515,1.128,NA,2.05,42.2,5.3,49,81.43499999999999,TRUE,NA,0.42200000000000004,0.020499999999999997,0.49,0.053,8.505,6.873114,0.808126278659612,80.81262786596119
isu,cr,364,4,t4,19.7,17.658,264,1.366,2,1.77,43.5,NA,NA,89.63451776649747,TRUE,68.30000000000001,0.435,0.0177,NA,NA,8.377425,7.68123,0.9168963016678753,91.68963016678752
isu,cr,365,4,t0,20.1,19.41,513,2.003,NA,1.84,43.3,3.87,49.8,96.56716417910447,TRUE,NA,0.433,0.0184,0.498,0.0387,8.547525,8.40453,0.9832705958742441,98.32705958742442
isu,cr,366,4,t3,20,18.819,268,1.748,2.4,2.31,40.6,3.6,46.8,94.095,TRUE,72.83333333333334,0.406,0.0231,0.46799999999999997,0.036000000000000004,8.505,7.6405140000000005,0.8983555555555556,89.83555555555556
isu,cr,367,4,t2,20.2,19.616,364,1.907,2,1.04,27.3,2.71,40.8,97.10891089108911,TRUE,95.35,0.273,0.0104,0.408,0.0271,8.59005,5.355168,0.6234152304119301,62.341523041193014
isu,cr,368,4,t9,18.7,14.509,514,1.238,NA,2.22,41.3,4.32,45.6,77.58823529411765,TRUE,NA,0.413,0.0222,0.456,0.0432,7.952175,5.992217,0.7535318324860808,75.35318324860808
isu,cr,369,4,t7,20.1,15.661,269,1.109,2.2,2.16,41.5,5.18,45.6,77.91542288557213,TRUE,50.40909090909091,0.415,0.0216,0.456,0.0518,8.547525,6.499314999999999,0.760373909406524,76.0373909406524
isu,cr,370,4,t5,18.4,15.572999999999999,361,1.356,2.1,NA,NA,NA,NA,84.63586956521739,TRUE,64.57142857142857,NA,NA,NA,NA,7.824599999999999,NA,NA,NA
isu,wpc,371,4,t1,20.9,20.801,280,2.109,2.1,NA,NA,NA,NA,99.52631578947368,TRUE,100.42857142857142,NA,NA,NA,NA,9.01835,NA,NA,NA
isu,wpc,372,4,t6,21.2,19.154999999999998,277,1.769,2.5,NA,NA,NA,NA,90.35377358490565,TRUE,70.76,NA,NA,NA,NA,9.1478,NA,NA,NA
isu,wpc,373,4,t5,20.9,18.459,322,1.479,2.1,NA,NA,3.85,48.3,88.32057416267943,TRUE,70.42857142857143,NA,NA,0.483,0.0385,9.01835,NA,NA,NA
isu,wpc,374,4,t2,21.499999999999996,20.7,274,1.952,2.1,2.71,44,3.82,48.3,96.27906976744187,TRUE,92.95238095238093,0.44,0.0271,0.483,0.0382,9.277249999999999,9.108,0.9817564472230458,98.17564472230458
isu,wpc,375,4,t4,20.999999999999996,19.782999999999998,272,1.514,2,NA,NA,NA,NA,94.20476190476191,TRUE,75.7,NA,NA,NA,NA,9.061499999999999,NA,NA,NA
isu,wpc,376,4,t0,20.799999999999997,20.691999999999997,278,2.164,2.3,NA,NA,NA,NA,99.48076923076923,TRUE,94.08695652173914,NA,NA,NA,NA,8.9752,NA,NA,NA
isu,wpc,377,4,t9,21.099999999999998,18.058999999999997,273,1.571,2.2,3.06,37.6,3.25,35.8,85.58767772511848,TRUE,71.4090909090909,0.376,0.030600000000000002,0.358,0.0325,9.10465,6.790183999999999,0.7457929739199199,74.579297391992
isu,wpc,378,4,t8,21.2,17.840999999999998,281,1.405,2.2,2.91,37.4,3.01,30.4,84.15566037735847,TRUE,63.86363636363635,0.374,0.0291,0.304,0.0301,9.1478,6.672533999999999,0.7294140667701523,72.94140667701524
isu,wpc,379,4,t3,21.599999999999998,20.377,275,1.723,2.3,NA,NA,NA,NA,94.33796296296296,TRUE,74.91304347826087,NA,NA,NA,NA,9.3204,NA,NA,NA
isu,wpc,380,4,t7,21.299999999999997,16.996999999999996,501,1.373,NA,3.36,38.7,3.72,35,79.7981220657277,TRUE,NA,0.387,0.0336,0.35,0.037200000000000004,9.190949999999999,6.577838999999999,0.7156865177157965,71.56865177157965
isu,gpc,381,4,t8,19.2,18.036,381,1.282,2,2.24,37.1,NA,NA,93.9375,TRUE,64.1,0.371,0.022400000000000003,NA,NA,8.448,6.691356000000001,0.7920639204545455,79.20639204545455
isu,gpc,382,4,t9,18.1,16.933,285,1.582,2.1,1.41,38.2,3.87,38.9,93.55248618784529,TRUE,75.33333333333333,0.382,0.0141,0.389,0.0387,7.964,6.468406,0.8122056755399296,81.22056755399296
isu,gpc,383,4,t1,18.3,18.033,286,2.223,2.2,1.37,44,3.72,47.5,98.54098360655738,TRUE,101.04545454545453,0.44,0.0137,0.475,0.037200000000000004,8.052,7.934520000000001,0.985409836065574,98.5409836065574
isu,gpc,384,4,t5,19.2,17.858,NA,1.641,NA,2.25,43.6,NA,NA,93.01041666666667,TRUE,NA,0.436,0.0225,NA,NA,8.448,7.786088,0.9216486742424242,92.16486742424243
isu,gpc,385,4,NA,19.4,NA,NA,NA,NA,NA,NA,NA,NA,NA,TRUE,NA,NA,NA,NA,NA,8.536,NA,NA,NA
isu,gpc,386,4,t6,22.4,21.354,282,1.535,2.3,2.21,41.5,4.06,44.7,95.33035714285715,TRUE,66.73913043478261,0.415,0.022099999999999998,0.447,0.0406,9.856,8.86191,0.8991385957792208,89.91385957792208
isu,gpc,387,4,t7,19.8,18.151,287,1.718,2.1,2.09,40.4,3.36,30.3,91.67171717171718,TRUE,81.80952380952381,0.40399999999999997,0.0209,0.303,0.0336,8.712,7.333003999999999,0.8417130394857667,84.17130394857666
isu,gpc,388,4,t2,19.5,19.461,NA,1.823,NA,NA,NA,NA,NA,99.79999999999998,TRUE,NA,NA,NA,NA,NA,8.58,NA,NA,NA
isu,gpc,389,4,t4,18.2,16.672,NA,1.479,NA,1.93,43.8,NA,NA,91.60439560439562,TRUE,NA,0.43799999999999994,0.019299999999999998,NA,NA,8.008,7.3023359999999995,0.91188011988012,91.188011988012
isu,gpc,390,4,t0,20.4,20.212,290,2.17,2.1,2.05,45.1,3.68,48.9,99.07843137254902,TRUE,103.33333333333331,0.451,0.020499999999999997,0.489,0.0368,8.975999999999999,9.115612,1.0155539215686276,101.55539215686275
isu,ar,391,4,t0,20.8,20.711,294,2.099,2.4,2.59,43.5,3.79,49,99.57211538461537,TRUE,87.45833333333334,0.435,0.0259,0.49,0.0379,8.7152,9.009284999999998,1.033743918670828,103.37439186708279
isu,ar,392,4,t7,20.6,16.042,299,1.181,2.2,2.97,40,4.8,41.3,77.87378640776699,TRUE,53.68181818181817,0.4,0.0297,0.413,0.048,8.631400000000001,6.416800000000001,0.743425168570568,74.3425168570568
isu,ar,393,4,t2,20.5,20.321,297,1.802,2.1,2.53,42.7,3.8,49,99.1268292682927,TRUE,85.80952380952381,0.42700000000000005,0.0253,0.49,0.038,8.5895,8.677067000000001,1.010194656266372,101.0194656266372
isu,ar,394,4,NA,20.5,NA,NA,NA,NA,2.8,43.5,NA,NA,NA,TRUE,NA,0.435,0.027999999999999997,NA,NA,8.5895,NA,NA,NA
isu,ar,395,4,t9,21,15.972999999999997,295,1.318,2.3,2.91,33.8,3.86,40.4,76.06190476190476,TRUE,57.30434782608697,0.33799999999999997,0.0291,0.40399999999999997,0.038599999999999995,8.799,5.398873999999998,0.6135781338788497,61.357813387884974
isu,ar,396,4,t4,21.3,19.096,522,1.663,NA,2.71,40.3,3.64,43.2,89.6525821596244,TRUE,NA,0.40299999999999997,0.0271,0.43200000000000005,0.0364,8.9247,7.695688,0.8622909453539055,86.22909453539054
isu,ar,397,4,t3,20.8,19.266,516,1.75,NA,2.66,42.4,3.85,43.9,92.62499999999999,TRUE,NA,0.424,0.026600000000000002,0.439,0.0385,8.7152,8.168783999999999,0.9373031026252983,93.73031026252983
isu,ar,398,4,t6,20.7,16.44,292,1.291,2.1,3.08,40.5,4.19,43.4,79.42028985507247,TRUE,61.476190476190474,0.405,0.0308,0.434,0.04190000000000001,8.6733,6.658200000000001,0.7676662861886481,76.76662861886481
isu,ar,399,4,t5,20.8,17.943,298,1.416,2,3.03,38.5,4.08,40.4,86.26442307692308,TRUE,70.8,0.385,0.030299999999999997,0.40399999999999997,0.0408,8.7152,6.908055000000001,0.7926444602533507,79.26444602533506
isu,ar,400,4,t8,20.8,16.93,517,1.664,NA,2.84,35,3.03,31.5,81.39423076923077,TRUE,NA,0.35,0.028399999999999998,0.315,0.030299999999999997,8.7152,5.9254999999999995,0.6799040756379658,67.99040756379658
