location,crop,block,days,forage_pct_remain,forage_pct_c_remain,forage_pct_n_remain,tea_pct_remain,tea_pct_c_remain,tea_pct_n_remain
ISU,AR,1,0,99.64,108.6486980356327,114.76632996632996,100.19047619047619,111.42464857796665,91.69975786924938
ISU,AR,2,0,100,105.27638190954774,93.6111111111111,82.33333333333334,92.36594202898549,83.33010492332524
ISU,AR,3,0,99.54,99.28582137205362,66.72592592592592,90.65217391304348,101.64660232812656,116.33329824192018
ISU,AR,4,0,99.57,108.8288195786625,95.51547364672363,87.45833333333334,98.06540808543097,80.25837368845845
ISU,AR,1,4,100.02,108.31499890758138,101.5035426731079,91.27272727272727,101.29810692739754,82.87475236627778
ISU,AR,2,4,90.97,77.93864057127746,101.07389686337056,96.60869565217392,62.78459854740822,68.53837246025898
ISU,AR,3,4,99.58,103.08717270563346,67.49596491228071,97.57142857142857,109.40503432494278,92.61016949152541
ISU,AR,4,4,NA,NA,NA,96.54166666666669,49.927726926010685,54.69915254237287
ISU,AR,1,6,99.32,NA,NA,95.66666666666666,NA,NA
ISU,AR,2,6,93.58,NA,NA,92.85714285714285,100.50670153644981,102.74991352473192
ISU,AR,3,6,99.32,NA,NA,93.5,NA,NA
ISU,AR,4,6,99.13,106.34963843608286,92.88551038843723,85.80952380952381,96.21662852784134,78.95307275452552
ISU,AR,1,8,101.27,110.17202680067003,106.51753086419752,75.04761904761905,81.05829791870983,72.14020523463623
ISU,AR,2,8,91.48,99.06089973677913,108.75502645502644,71.73913043478261,69.93333996617253,67.917675544794193
ISU,AR,3,8,92.77,97.66964725588727,65.97298474945534,77.14285714285715,85.61621444916639,80.87858872362503
ISU,AR,4,8,92.62,98.67587939698488,91.59583333333332,83.33333333333333,83.71472158657512,77.68361581920902
ISU,AR,1,12,NA,NA,NA,NA,NA,NA
ISU,AR,2,12,NA,NA,NA,NA,NA,NA
ISU,AR,3,12,90.95,91.40919910557574,64.34022682970053,70.23809523809524,77.79230685409175,77.0408163265306
ISU,AR,4,12,89.65,90.7788708802227,89.98462876021561,75.5909090909091,74.72602454753485,66.62249614791988
ISU,AR,1,16,85.94,90.03908567226377,101.85076784101174,65.71428571428571,74.4360902255639,70.01037703216879
ISU,AR,2,16,91.98,94.7521819624438,116.50666666666667,68,60.06407322654462,65.69491525423729
ISU,AR,3,16,88.16,85.49857875234757,69.21922933034045,64.5,71.14187643020595,73.87046004842614
ISU,AR,4,16,86.26,83.44674091611905,96.80785256410257,70.8,65.45354691075514,69.94285714285714
ISU,AR,1,20,70.15,NA,NA,57.952380952380956,62.19603356216628,79.702063876398
ISU,AR,2,20,73.72,62.04762183008062,81.90697674418604,NA,NA,NA
ISU,AR,3,20,88.81,77.20986922188582,73.35350816655163,52.45454545454544,48.97358019554815,53.470614131631066
ISU,AR,4,20,79.42,80.81712912388028,90.59796027911972,61.476190476190474,61.05415713196033,62.36930704485184
ISU,AR,1,25,72.13,75.75716481953144,76.13977676306445,55.33333333333332,54.320366132723095,48.23244552058111
ISU,AR,2,25,66.92,54.646787176623846,78.81841563786008,66.57142857142856,64.28636809414841,69.47284676582495
ISU,AR,3,25,84.65,77.8402298574211,70.53827751196174,60.66666666666667,59.41723874904652,69.77401129943502
ISU,AR,4,25,77.87,78.26511196760502,85.6611650485437,53.68181818181817,49.01383399209486,60.440788025533784
ISU,AR,1,30,68.23,71.3129282777524,90.96969696969698,57.57142857142858,65.47597254004577,72.48702870978899
ISU,AR,2,30,NA,NA,NA,NA,NA,NA
ISU,AR,3,30,85.69,77.7281407035176,65.38191033138402,NA,NA,NA
ISU,AR,4,30,81.39,71.57784112872051,85.61467236467236,72.34782608695653,46.52114217490798,47.64796294346774
ISU,AR,1,35,NA,NA,NA,NA,NA,NA
ISU,AR,2,35,68.76,63.22957838519954,86.07463876432485,NA,NA,NA
ISU,AR,3,35,84.78,86.05708098503567,72.21915285451198,56.19047619047619,59.40503432494278,70.34013605442175
ISU,AR,4,35,76.06,64.5952859535774,81.9778306878307,57.30434782608697,52.97701721221769,53.55805874302557
ISU,CR,1,0,96.03,99.24812030075189,91.62662006698704,96.33333333333334,102.91116005873715,84.9863782051282
ISU,CR,2,0,98.11,101.16241360978205,95.41080530071358,95.61904761904762,100.0419551080344,86.6547619047619
ISU,CR,3,0,97.99,99.69370514354067,88.32949705111403,96.57142857142857,99.60258023914412,80.90178571428571
ISU,CR,4,0,96.57,100.03249303720632,81.50623031630838,95.38095238095238,104.62492133417246,88.73179945054946
ISU,CR,1,4,99.09,102.16716986925263,89.08610116273366,99.8,107.05418502202645,90.68365384615385
ISU,CR,2,4,99.25,102.8100704963053,81.03778296509418,96.57142857142857,98.6985525487728,79.85714285714286
ISU,CR,3,4,98.06,NA,NA,98.15,NA,NA
ISU,CR,4,4,98.69,101.99985125319186,80.58525455150448,98.28571428571429,103.9144115796098,89.54395604395606
ISU,CR,1,6,94.35,95.70324960127591,78.33560301987768,93.57142857142857,NA,NA
ISU,CR,2,6,97.57,101.77462121212122,89.51643730886852,92.42857142857143,99.55412208936438,86.65178571428572
ISU,CR,3,6,96.62,NA,NA,94.23809523809524,NA,NA
ISU,CR,4,6,97.11,63.42280543843858,46.32718684712508,95.35,85.68898678414097,62.11502403846154
ISU,CR,1,8,92.75,NA,NA,78.5,NA,NA
ISU,CR,2,8,88.34,92.36032656663726,97.26017636055937,82.45454545454545,88.08470164197036,83.64379370629369
ISU,CR,3,8,86.62,NA,NA,60.81818181818181,NA,NA
ISU,CR,4,8,94.1,91.3937081339713,99.70616972477063,72.83333333333334,75.07929515418502,63.02884615384616
ISU,CR,1,12,85.8,87.64736842105265,92.88440366972476,72.85714285714285,74.14096916299559,75.13392857142858
ISU,CR,2,12,89.35,91.48908048699607,89.76135434644381,66.5,67.52533039647577,71.77524038461539
ISU,CR,3,12,84.58,NA,NA,65,NA,NA
ISU,CR,4,12,89.63,93.2799407378622,72.77664974619289,68.30000000000001,NA,NA
ISU,CR,1,16,77.96,79.26795544579925,93.69788892177172,59.47619047619048,60.13121460037759,70.34203296703299
ISU,CR,2,16,82.26,83.436207659718,109.04514408115425,60.476190476190474,62.87392490035663,72.83310439560441
ISU,CR,3,16,87.49,NA,NA,54.31818181818182,NA,NA
ISU,CR,4,16,84.64,NA,NA,64.57142857142857,NA,NA
ISU,CR,1,20,76.56,71.42850096187048,84.9849616948832,59.42857142857143,57.726872246696026,59.71428571428571
ISU,CR,2,20,76.13,76.13294797687861,84.1653232221456,58.4090909090909,41.68402082498998,48.72104458041957
ISU,CR,3,20,95.66,NA,NA,53.38095238095237,NA,NA
ISU,CR,4,20,80.78,76.71956406166932,81.14831804281344,52.73913043478261,56.45642597203601,66.17746655518395
ISU,CR,1,25,72.9,71.67808182355787,95.30357695082982,58.099999999999994,55.41255506607929,55.5860576923077
ISU,CR,2,25,72.66,73.179245082403,92.98862385321102,47.68181818181817,51.14767721265518,60.748470279720266
ISU,CR,3,25,103.73,NA,NA,66.875,33.29019823788546,37.61718749999999
ISU,CR,4,25,77.92,77.35622128591491,77.20060249212652,50.40909090909091,50.63115738886663,62.76901223776223
ISU,CR,1,30,68.53,69.51373963971031,66.01519025417356,53.7,52.635462555066084,56.798076923076934
ISU,CR,2,30,NA,NA,NA,NA,NA,NA
ISU,CR,3,30,NA,NA,NA,NA,NA,NA
ISU,CR,3,30,NA,NA,NA,NA,NA,NA
ISU,CR,4,30,81.43,82.21428229665072,76.57878440366972,49.04347826086956,52.932388431334985,62.48327759197324
ISU,CR,1,35,71.83,75.27033492822967,97.53516819571868,59.904761904761905,61.09230123767567,65.95283882783883
ISU,CR,2,35,80.88,83.19753121372554,73.82693664839042,61.13636363636363,66.52282739287143,75.97956730769229
ISU,CR,4,35,77.59,76.84576414297779,79.36778197517542,58.95238095238094,59.21208307111391,61.219780219780226
ISU,GPC,1,0,99.04,103.50844243127288,92.43617571059433,94.95238095238095,101.81359326728455,96.90313531353135
ISU,GPC,2,0,100,104.51306413301663,93.33333333333334,100,107.22595078299777,102.05445544554456
ISU,GPC,3,0,96.04,100.36986766202918,89.63333333333334,89.00000000000001,95.43109619686801,90.82846534653467
ISU,GPC,4,0,99.08,106.13865213543852,84.62949346405227,103.33333333333331,113.04250559284115,94.12541254125412
ISU,GPC,1,4,99.6,106.69228594050446,91.71061507936507,97.23809523809523,106.59209545115583,93.3870815652994
ISU,GPC,2,4,96.64,99.16232935710373,98.24798534798535,93.6190476190476,101.78715244487056,88.05752003771805
ISU,GPC,3,4,96.65,NA,NA,87.13636363636364,89.86546674801708,96.84214671467147
ISU,GPC,4,4,98.54,102.98820139402673,56.250478142076496,101.04545454545453,107.37492373398412,93.04185418541854
ISU,GPC,1,6,98.23,103.59188744746939,85.12888888888888,90.95238095238093,98.88782358581015,86.44978783592644
ISU,GPC,2,6,95.74,100.28364321402243,96.13453065134098,90.34782608695652,95.40083649450443,72.68080068876453
ISU,GPC,3,6,91.72,92.59289107567017,105.09747023809521,93.65,95.53557046979866,83.45049504950495
ISU,GPC,4,6,99.8,NA,NA,79.26086956521739,NA,NA
ISU,GPC,1,8,93.36,117.30983372921617,82.468,71.33333333333333,77.07829977628636,73.98184818481849
ISU,GPC,2,8,92.66,93.31881119286253,111.19024390243904,75.91304347826087,74.21476510067114,69.33641842445117
ISU,GPC,3,8,90.64,94.5150377253039,104.9909926470588,80,87.51677852348992,82.17821782178218
ISU,GPC,4,8,NA,NA,NA,NA,NA,NA
ISU,GPC,1,12,98.02,NA,NA,NA,NA,NA
ISU,GPC,2,12,89.3,88.2417278904049,100.09302325581395,73.9090909090909,71.75960951799878,75.92146714671468
ISU,GPC,3,12,85.63,86.2414042890113,86.34479905437352,75.66666666666666,80.40641312453391,77.3523102310231
ISU,GPC,4,12,91.6,95.30338545065385,73.66520146520146,NA,NA,NA
ISU,GPC,1,16,92.58,NA,NA,68.66666666666667,NA,NA
ISU,GPC,2,16,98.92,NA,NA,71.33333333333333,76.43997017151379,65.15346534653466
ISU,GPC,3,16,81.99,83.54363759755684,106.92303571428572,58.61904761904763,61.504101416853096,72.69342291371996
ISU,GPC,4,16,93.01,96.32432699920824,87.19726562500001,74.59090909090908,NA,NA
ISU,GPC,1,20,83.73,76.5744825246013,117.92636054421766,58.95238095238094,NA,NA
ISU,GPC,2,20,NA,NA,NA,NA,NA,NA
ISU,GPC,3,20,77.45,67.51579572446556,104.23479166666667,74.9,54.12237136465323,58.77054455445544
ISU,GPC,4,20,95.33,93.97172972514423,87.78337053571428,66.73913043478261,66.73913043478261,67.06952216960826
ISU,GPC,1,25,108.81,88.39009683902796,50.323557692307695,54.81818181818181,56.412446613788894,69.74392439243924
ISU,GPC,2,25,NA,NA,NA,NA,NA,NA
ISU,GPC,3,25,80.93,NA,NA,59.66666666666666,52.725577926920195,65.27887788778877
ISU,GPC,4,25,91.67,87.97000887737228,79.83078703703703,81.80952380952381,55.45477788430807,68.03960396039604
ISU,GPC,1,30,91.35,NA,NA,77.42857142857143,NA,NA
ISU,GPC,2,30,NA,NA,NA,NA,NA,NA
ISU,GPC,3,30,82.99,83.97129284017645,97.8539880952381,57.13043478260871,58.919754887656836,63.49397331037453
ISU,GPC,4,30,93.94,82.7810273159145,87.67500000000003,64.1,NA,NA
ISU,GPC,1,35,79.07,80.95185287731518,72.48415132924335,55.238095238095234,55.36167039522743,63.85195662423385
ISU,GPC,2,35,84.09,62.716399989559136,103.00769230769231,83.71428571428571,55.99680409076381,66.3083451202263
ISU,GPC,3,35,67.09,70.11943394332742,106.78738262910797,62.6,68.06174496644294,77.32029702970297
ISU,GPC,4,35,93.55,84.88610385690475,54.9620856353591,75.33333333333333,65.55853840417598,72.16336633663366
ISU,PCRO,1,0,98.65,104.90191665456659,90.4090741333071,99.15,114.18696682464456,93.87873417721521
ISU,PCRO,2,0,99.2,102.92924211938296,95.17834194445173,NA,NA,NA
ISU,PCRO,3,0,100.44,106.56855213276091,87.0147409799242,97.31818181818181,110.92427832830678,94.36168009205983
ISU,PCRO,4,0,99.19,104.5468984117471,130.44035951861068,105.28571428571428,121.50270819228164,103.68643761301988
ISU,PCRO,1,4,98.93,101.257195345989,84.29526823700321,99.33333333333331,113.69194312796208,97.82447257383966
ISU,PCRO,2,4,NA,NA,NA,99.18181818181817,NA,NA
ISU,PCRO,3,4,100.66,107.51004242926365,90.56795527931286,96.33333333333334,110.25829383886257,93.89451476793249
ISU,PCRO,4,4,99.55,102.58751747123966,114.75528794476126,93.76190476190476,105.53768900925297,91.86292947558769
ISU,PCRO,1,6,96.91,99.8694990455554,76.09564898109052,96,108.96682464454976,90.16708860759492
ISU,PCRO,2,6,96.9,100.99325741684146,96.43641141522367,91.03999999999999,105.27848341232226,92.19240506329113
ISU,PCRO,3,6,97.36,104.44823878091644,89.46254049946002,94.52380952380952,108.85917400135409,94.04520795660036
ISU,PCRO,4,6,96.03,101.6642685851319,121.69756700606102,92.66666666666666,106.06161137440758,91.49367088607593
ISU,PCRO,1,8,88.85,90.94063304558534,80.58434059588883,81.38095238095238,87.55201986007673,87.56178420735382
ISU,PCRO,2,8,89.7,90.96627766599599,82.6379543129901,79.47619047619048,85.87948544346649,83.70150693188667
ISU,PCRO,3,8,92.27,97.25046695946286,89.18584956501654,70.9047619047619,79.64184157075152,79.16202531645568
ISU,PCRO,4,8,83.69,86.63620358514726,93.47645910175743,66.81818181818181,47.0260663507109,47.87226697353279
ISU,PCRO,1,12,87.12,89.37116437112547,81.29958200925644,67.31818181818183,76.57044377423526,82.48607594936709
ISU,PCRO,2,12,83.36,84.73149535510936,79.5815772101762,63.090909090909086,69.8186126669539,72.3548906789413
ISU,PCRO,3,12,76.59,79.28568075117371,68.54614160700079,75.3,83.15118483412324,84.25974683544302
ISU,PCRO,4,12,83.61,87.34356136820927,97.78281622911695,84.04347826086958,93.80208118689472,88.9371491469455
ISU,PCRO,1,16,75.63,76.16100977449396,75.08692306689096,64.60000000000001,68.12085308056872,78.66481012658227
ISU,PCRO,2,16,84.1,85.67586961160903,87.91004013885872,66.4090909090909,66.72382593709608,70.1078250863061
ISU,PCRO,3,16,81.56,84.24331050052591,74.74971634257989,69.66666666666667,72.80331753554503,77.60337552742617
ISU,PCRO,4,16,74.26,75.30489411287871,81.34815679675829,NA,NA,NA
ISU,PCRO,1,20,71.16,71.32833560502803,78.97374701670645,NA,NA,NA
ISU,PCRO,2,20,78.66,72.19357362814883,83.16126465984038,74.80952380952381,51.763935906116,61.55213984327907
ISU,PCRO,3,20,78.11,82.13979594513076,78.10614525139667,60.34782608695652,NA,NA
ISU,PCRO,4,20,72.98,74.34921586255119,83.77748438531457,71.6,78.2170616113744,83.56354430379747
ISU,PCRO,1,25,84.61,56.40595903165736,54.521273049692674,NA,NA,NA
ISU,PCRO,2,25,68.68,59.17109625739372,67.70007955449482,86.6,48.84075829383887,56.7832911392405
ISU,PCRO,3,25,64.73,67.6146974439228,59.7843675417661,57.80952380952381,66.16587677725117,77.42085593731163
ISU,PCRO,4,25,69.56,68.25090543259557,77.52550289805659,52.17391304347826,58.35565629507522,69.60924600990643
ISU,PCRO,1,30,75.28,62.5600708073578,69.17517638926927,90.33333333333333,50.09004739336492,55.57215189873417
ISU,PCRO,2,30,58.68,57.168890536199655,65.26692626554453,67.04545454545455,66.88657906074968,76.55063291139241
ISU,PCRO,3,30,69.26,66.82233959311425,68.10400424290638,65.08695652173914,55.370183391716466,65.08695652173914
ISU,PCRO,4,30,65.8,67.80509865721133,82.75686366139827,58.86956521739132,NA,NA
ISU,PCRO,1,35,69.85,68.53491784037557,59.344597526578426,57.80952380952381,5.438478898668472,7.2883905967450255
ISU,PCRO,2,35,76.05,66.76548538543086,75.32238817460927,70.73913043478261,65.87791057078095,76.82806824435883
ISU,PCRO,3,35,73.37,69.40886571732419,65.66542280357072,70.3913043478261,60.2162579847517,72.3515685195377
ISU,PCRO,4,35,74.04,75.4279713367927,86.2299423977605,58.857142857142854,61.228165199729176,73.75768535262205
ISU,WPC,1,0,99.2,104.39340579848091,91.1647941081604,98.8,123.75204081632651,103.1191256830601
ISU,WPC,2,0,96.63,103.97795811018902,90.67419956899867,95.96000000000001,120.68438775510204,135.81224043715847
ISU,WPC,3,0,98.14,107.92490994735384,93.98921926621458,95.77272727272728,118.73863636363637,96.81942374565327
ISU,WPC,4,0,99.48,107.04726165355838,93.35079225352112,94.08695652173914,112.32830523513755,102.05607032549302
ISU,WPC,1,4,99.91,107.38013789056771,101.31300745650374,95.5217391304348,113.79758207630881,102.04644808743173
ISU,WPC,2,4,96.67,109.20992256201598,96.33328391401037,111.4,138.96581632653061,116.57431693989071
ISU,WPC,3,4,98.48,109.0389519159847,92.93076770482048,94.04761904761905,115.40026724975705,100.47163674212855
ISU,WPC,4,4,99.53,NA,NA,100.42857142857142,NA,NA
ISU,WPC,1,6,85.85,73.4306183693309,61.96735497732154,97,NA,NA
ISU,WPC,2,6,95.79,105.11005095955764,83.65064298836498,NA,NA,NA
ISU,WPC,3,6,95.83,NA,NA,95,109.0561224489796,116.2841530054645
ISU,WPC,4,6,96.28,105.64286957026039,91.87192924991811,92.95238095238093,114.53061224489795,97.01587301587301
ISU,WPC,1,8,94.37,92.961754492274,95.37073844938794,81.80952380952381,66.5745869776482,66.83346344002082
ISU,WPC,2,8,93.91,NA,NA,81.59090909090908,NA,NA
ISU,WPC,3,8,92.62,97.92949724454296,97.50904190575554,81.5,98.75637755102039,93.07923497267757
ISU,WPC,4,8,94.34,NA,NA,74.91304347826087,NA,NA
ISU,WPC,1,12,86.09,87.80495635910223,91.54375,74.80952380952381,72.9011175898931,74.19633099141295
ISU,WPC,2,12,90.23,NA,NA,72.95652173913044,NA,NA
ISU,WPC,3,12,90.39,94.22158888493054,85.61551124931408,77.63636363636363,82.19155844155843,80.60606060606061
ISU,WPC,4,12,94.2,NA,NA,75.7,NA,NA
ISU,WPC,1,16,130.81,133.41732207941678,149.23131094257855,NA,NA,NA
ISU,WPC,2,16,90.99,NA,NA,NA,NA,NA
ISU,WPC,3,16,87.25,86.37967581047383,88.78609154929579,71.27272727272727,74.9090909090909,78.47789369100845
ISU,WPC,4,16,88.32,NA,NA,70.42857142857143,86.77806122448979,74.08469945355193
ISU,WPC,1,20,90.17,77.58012376466242,95.88801947487394,69.76190476190476,65.13483965014576,69.95251105906843
ISU,WPC,2,20,89.1,79.99097999681646,86.27743856757566,77.95238095238095,64.62888726919338,74.7576112412178
ISU,WPC,3,20,91.03,74.9164878501421,92.95815591221749,83,64.57908163265307,74.83606557377051
ISU,WPC,4,20,90.35,NA,NA,70.76,NA,NA
ISU,WPC,1,25,66.13,56.726726872140034,71.94718309859152,84.8095238095238,53.22230320699708,63.72300286234712
ISU,WPC,2,25,89.01,78.35136620813556,95.5867598061487,90.13636363636364,44.378362708719855,50.732488822652755
ISU,WPC,3,25,94.27,60.6498311184065,75.01435193439113,77.0909090909091,63.12801484230055,73.08892200695479
ISU,WPC,4,25,79.8,77.01215271679955,94.40904582424122,65.38095238095238,58.37585034013605,66.45277127244341
ISU,WPC,1,30,82.05,84.29974084396851,98.80550952775478,66.85,78.7875,84.56707650273223
ISU,WPC,2,30,89.28,73.24735715060174,75.75985532761787,NA,NA,NA
ISU,WPC,3,30,79.32,71.41167351890542,90.77607537114577,68,57.59183673469388,64.28415300546449
ISU,WPC,4,30,84.16,78.48931915494283,86.22991961201167,63.86363636363635,49.52690166975881,52.52173373075012
ISU,WPC,1,35,83.91,82.44359933499584,91.29463028169015,65.85714285714286,60.48104956268221,63.15807962529274
ISU,WPC,2,35,85.33,73.19754090709056,81.11998192362732,79.4090909090909,62.39285714285714,72.46621957277695
ISU,WPC,3,35,91.49,73.92395933243813,86.98212351029251,72.3,63.81581632653061,66.76885245901639
ISU,WPC,4,35,85.59,80.25178759262978,92.21770909819102,71.4090909090909,65.03327922077922,63.21460506706409
WIU,AR,1,0,99.72,108.09834800061758,96.39859943977591,91.68181818181817,118.8023560209424,103.20906432748535
WIU,AR,2,0,97.58,107.31309795952926,91.34632616487455,95.86363636363635,123.02918253212754,117.16666666666661
WIU,AR,3,0,89.01,97.88364511760871,83.31985138004246,94.95238095238095,121.8596983295936,116.05291005291004
WIU,AR,4,0,92.28,101.48754333515797,86.38753713606656,93.81818181818181,120.40409328891005,114.66666666666663
WIU,AR,1,4,101.59,107.19284665687974,101.21694915254236,99.05000000000001,118.49698952879581,98.76038011695907
WIU,AR,2,4,97.38,106.5802583500592,95.2151053013798,95.9090909090909,116.49690623512612,104.60260499734181
WIU,AR,3,4,101.93,115.57307594615189,105.70418160095578,98.76190476190474,120.22064323111444,100.49456975772763
WIU,AR,4,4,101.41,110.99044555406185,117.93437217705511,92.08695652173913,111.37218301843843,103.6651411136537
WIU,AR,1,6,95.07,98.56231333152323,90.84367816091955,90.19047619047619,107.89803041635501,100.73906989696462
WIU,AR,2,6,94.21,101.37680446194226,86.53018518518519,89.04545454545453,103.2647548786292,92.69059011164273
WIU,AR,3,6,100.93,114.7066437007874,115.1363888888889,87.59090909090908,101.34864350309375,93.48152578415734
WIU,AR,4,6,NA,NA,NA,NA,NA,NA
WIU,AR,1,8,91.14,95.20959880014998,84.72910052910052,84.66666666666667,91.75916230366492,83.92397660818713
WIU,AR,2,8,90.14,89.66409345890588,85.12962962962962,101.76190476190476,104.4258289703316,105.63004734057364
WIU,AR,3,8,96.49,92.69485758724603,106.50059442158208,91.76190476190476,94.40426327599101,92.56683375104429
WIU,AR,4,8,90.11,94.36711052479694,100.1221640488656,87.27272727272725,91.38505473584007,94.92822966507175
WIU,AR,1,12,80.26,73.93904425739886,82.33939974457216,71.86956521739131,78.83075347143182,85.94927536231883
WIU,AR,2,12,80.31,86.63721784776904,71.68708641975309,74.04347826086958,79.08308672888687,81.40452580727178
WIU,AR,3,12,85.49,90.8723711751221,97.83551336146272,85.61904761904762,77.32610321615556,81.36313004734056
WIU,AR,4,12,89.33,87.2230971128609,95.61975308641976,76.66666666666667,78.0715532286213,76.66666666666667
WIU,AR,1,16,67.01,63.314190989284235,63.284878863826236,72.04761904761904,56.95911244078783,60.882344750765796
WIU,AR,2,16,77.58,80.22599806603121,75.28031189083822,74,74.38743455497384,82.87134502923975
WIU,AR,3,16,90.08,76.84273840769904,85.07870370370371,74.9047619047619,62.55135876340064,67.67710944026733
WIU,AR,4,16,100.67,91.4225721784777,93.21344465853136,91.38095238095238,50.71403639990027,53.70634920634919
WIU,AR,1,20,76.4,73.99670390038455,74.7052540913006,70.9090909090909,82.41789623988576,87.08133971291866
WIU,AR,2,20,60.74,61.0543053086106,64.5595698924731,66.13636363636364,70.98405521180389,82.7671451355662
WIU,AR,3,20,81.44,82.50902127800062,89.58427672955975,72.63636363636363,74.72798667301285,80.06990962254119
WIU,AR,4,20,94.7,66.11438686443265,83.82497846683896,91.33333333333333,45.42757417102966,50.74074074074073
WIU,AR,1,25,71.6,75.54472699109333,70.53764420157863,67.75,NA,NA
WIU,AR,2,25,67.8,63.52913385826773,66.29333333333334,74.42857142857142,76.37696335078535,77.25772765246448
WIU,AR,3,25,83.83,65.78392388451444,86.61916666666669,107.2,63.702617801047126,73.6608187134503
WIU,AR,4,25,75.41,65.51696986152594,79.32413793103449,73.31818181818181,64.29735840076154,73.53256246677299
WIU,AR,1,30,72.54,73.48850905831894,66.8948509485095,58.173913043478265,66.85431368085591,73.14263920671245
WIU,AR,2,30,NA,NA,NA,NA,NA,NA
WIU,AR,3,30,66.37,55.743350552518514,68.09011559330031,75.85714285714286,67.1196709050112,76.30075187969923
WIU,AR,4,30,77.62,71.71103612048493,83.36860670194002,90.22727272727272,62.356020942408385,71.23205741626795
WIU,AR,1,35,65.76,65.0679571303587,66.00188271604938,NA,NA,NA
WIU,AR,2,35,72.96,72.19694760377176,68.90946502057615,69.72727272727272,53.84697762970014,57.29053694843168
WIU,AR,3,35,NA,NA,NA,NA,NA,NA
WIU,AR,4,35,95.73,99.74784193642459,98.20960905349793,90.13636363636364,106.18158019990483,97.77950558213715
WIU,CR,1,0,97.04,102.14365392131319,92.56435232498723,99.65,106.77600114416477,87.9190506329114
WIU,CR,2,0,99.84,105.09012695624398,95.23449733792671,100.80952380952381,108.01844284624605,88.94207353827606
WIU,CR,3,0,98.35,103.52542966560807,93.8165414911156,95.95238095238095,102.8139642584723,84.65672091621458
WIU,CR,4,0,98.98,99.22469467758958,87.448080429747165,98.80952380952381,93.83513130652719,65.78963230861964
WIU,CR,1,4,99.57,97.35417209484106,82.17137199795607,85.73913043478262,90.84031439657745,105.92581177765545
WIU,CR,2,4,97.98,102.58838089691321,78.00380734818198,93.85714285714286,89.99117358613927,79.3627486437613
WIU,CR,3,4,96.93,104.36810690562726,89.40180656261522,98.95652173913044,103.03253407621133,84.42619702806824
WIU,CR,4,4,98.85,105.69854751972659,101.72677541767285,96.75,106.49141876430205,90.87151898734179
WIU,CR,1,6,97.3,100.42686620635747,68.01277465508431,85.69565217391305,94.32404735847182,88.73296642817832
WIU,CR,2,6,97.65,102.72991241431836,80.58812546676626,87.29166666666669,96.87976735316553,87.51265822784809
WIU,CR,3,6,96.79,103.02305074257426,105.72132888349515,83.22727272727272,87.03630122737674,75.00989643268123
WIU,CR,4,6,96.53,105.12651265126512,113.86231244483673,85.61904761904762,85.22719843085976,94.07257383966243
WIU,CR,1,8,92.23,91.31560214845015,76.11111111111111,72.63636363636363,58.34179321822344,51.30517836593786
WIU,CR,2,8,94.12,97.85103510351033,90.46809986130371,87.33333333333333,51.760488176964145,55.05316455696203
WIU,CR,3,8,92.79,81.5388853401469,83.3340119010335,69.9090909090909,75.98814229249012,75.39562715765247
WIU,CR,4,8,91.78,NA,NA,74.2,NA,NA
WIU,CR,1,12,88.17,91.66297550807711,72.3345043433827,66.45454545454544,72.99355107135426,72.00644418872267
WIU,CR,2,12,85.63,87.74525710635578,83.13185092389602,66.09523809523809,71.6914024190912,74.79638336347195
WIU,CR,3,12,87.58,88.66352399571166,82.90303629954859,64.38095238095238,65.70687588536559,66.98878842676311
WIU,CR,4,12,85.87,88.42244224422441,96.29312920089616,58.3,60.56796338672768,73.05949367088607
WIU,CR,1,16,NA,NA,NA,NA,NA,NA
WIU,CR,2,16,81.59,87.44359629511338,72.87391168180395,NA,NA,NA
WIU,CR,3,16,84.32,76.18087988044087,74.49697746840081,75.52380952380953,77.25204315135666,80.30379746835442
WIU,CR,4,16,82.14,86.0030198019802,92.50718446601941,67.2,NA,NA
WIU,CR,1,20,76.23,65.28443633837067,72.52767841934934,NA,NA,NA
WIU,CR,2,20,80.63,83.02063238581924,83.3655183213279,NA,NA,NA
WIU,CR,3,20,80.03,68.93780940594058,97.51380461165047,63.949999999999996,46.97471395881007,48.24582278481013
WIU,CR,4,20,77.65,76.49871384197242,94.23781648581763,54.714285714285715,58.97123242889833,55.12983725135624
WIU,CR,1,25,85.45,85.24302430243023,77.15798764342455,53.22727272727272,55.05429581859788,60.50391254315305
WIU,CR,2,25,80.78,79.57600279258695,79.20718197659946,54.083333333333336,48.885392829900844,46.96350210970465
WIU,CR,3,25,82.39,72.19224422442242,86.78829557713053,61.272727272727266,59.44996879550656,64.22002301495972
WIU,CR,4,25,74.81,79.62682816505,90.79148390912228,56.14285714285714,NA,NA
WIU,CR,1,30,75.71,74.39682643761066,70.93088150196103,61.57142857142857,NA,NA
WIU,CR,2,30,76.96,77.1491123250256,88.5397723468363,54.77272727272727,55.650093613480344,66.14326812428078
WIU,CR,3,30,83.64,83.84452351485149,78.3594053398058,58.09523809523809,52.9105372125967,60.30138637733573
WIU,CR,4,30,77.41,75.87422259813921,97.69819973654683,55.095238095238095,55.97777051323962,60.53502109704642
WIU,CR,1,35,77.3,79.20855206326,85.55014009252622,52.52173913043479,56.487911650582035,65.28651623555312
WIU,CR,2,35,80.83,66.02722772277227,98.49110032362458,NA,NA,NA
WIU,CR,3,35,81.75,73.24979239859469,79.76420294393985,54.826086956521735,50.18406128743409,54.826086956521735
WIU,CR,4,35,77.62,79.92607260726072,99.47483196415234,52.400000000000006,55.277803203661335,71.10481012658228
WIU,GPC,1,0,98.36,113.2984293193717,88.13381818181819,105.52380952380953,128.3694464587866,120.85407407407409
WIU,GPC,2,0,99.41,114.49986222099753,89.06840191387562,97.42857142857142,113.74909354604785,132.34047619047618
WIU,GPC,3,0,98.55,110.67991129489445,95.79462420382167,89.21739130434784,110.72919885235046,94.17391304347828
WIU,GPC,4,0,99.57,114.68535720317514,89.21269677419356,93.86363636363635,114.18487540378402,107.49993686868686
WIU,GPC,1,4,100.7,112.82184489890368,88.61259668508285,98.63157894736844,117.65695965802831,97.26169590643276
WIU,GPC,2,4,98.15,107.1409729702648,102.07425837320577,101.95238095238095,NA,NA
WIU,GPC,3,4,100.7,109.13057799660204,102.30649006622517,94.47619047619047,110.30215131737975,98.93756613756614
WIU,GPC,4,4,101.41,116.27256544502616,109.11357333333333,100.68181818181816,122.65805260729117,104.59722222222221
WIU,GPC,1,6,100.18,111.71545295890846,66.11666666666667,79.86956521739131,93.24873096446701,81.20072463768116
WIU,GPC,2,6,97.78,100.8543136808559,92.69791304347828,94.09523809523809,NA,NA
WIU,GPC,3,6,98.04,111.38851340631444,85.88516363636363,87.39130434782608,100.47781946590155,87.39130434782612
WIU,GPC,4,6,99.93,109.86910994764396,121.11342857142856,90.14999999999999,106.62411167512691,100.91791666666667
WIU,GPC,1,8,99.57,99.56842105263158,87.62021052631579,86.00000000000001,78.142131979695435,78.35555555555555
WIU,GPC,2,8,98.29,107.54973821989529,99.4665263157895,78.14285714285714,81.91116751269034,72.71626984126985
WIU,GPC,3,8,94.57,103.9820976186455,80.57721290322581,88.5,NA,NA
WIU,GPC,4,8,96.43,104.0078714569417,99.52038620689653,81.95,86.31789340101521,85.81986111111112
WIU,GPC,1,12,87.1,NA,NA,71.77272727272727,81.06310567604983,87.9215909090909
WIU,GPC,2,12,89.06,88.59169891494044,89.41420289855073,74.09090909090908,87.81841255191507,77.38383838383837
WIU,GPC,3,12,97.28,93.46300503803222,91.05690566037735,79.3913043478261,77.17479585080555,76.30386473429954
WIU,GPC,4,12,87.19,94.26614310645724,102.88476190476192,62.772727272727266,69.62355791416705,74.10669191919192
WIU,GPC,1,16,86.74,78.34053003724296,88.47711340206185,97.36363636363635,77.59437009690815,81.67727272727271
WIU,GPC,2,16,91.37,47.1193166161477,68.70905263157894,96.63636363636363,78.9769266266728,63.082070707070706
WIU,GPC,3,16,89.91,66.60670573142401,74.08360264900664,99.65217391304347,70.8188037960715,75.56956521739131
WIU,GPC,4,16,75.34,72.77548786292242,103.66700606060604,79.18181818181817,56.070373788647885,59.826262626262626
WIU,GPC,1,20,89.08,97.71041750570546,72.33462564102562,71.57142857142857,74.11457577955038,80.51785714285714
WIU,GPC,2,20,96.44,75.73672400897532,79.85074285714285,84.04761904761904,65.91551849166062,69.33928571428571
WIU,GPC,3,20,83.26,92.19391484737724,87.58727044025157,65.9090909090909,73.4367789570835,76.89393939393939
WIU,GPC,4,20,77.83,NA,NA,67.76190476190476,NA,NA
WIU,GPC,1,25,85.45,80.52578812520886,87.83931914893616,70.76190476190476,67.88832487309642,67.81349206349208
WIU,GPC,2,25,82.24,59.201004329440195,89.14336538461538,80.27272727272727,56.43539455468388,60.42752525252525
WIU,GPC,3,25,95.77,80.97547993019195,88.48839999999998,NA,NA,NA
WIU,GPC,4,25,78.1,81.16745142134299,99.34405369127516,65.45454545454544,78.74480849100136,87.63636363636363
WIU,GPC,1,30,80.98,86.49706806282721,95.5623,71.79166666666667,68.14741962774958,69.99687500000002
WIU,GPC,2,30,90.47,78.39230163167792,83.23320388349515,71.45454545454545,65.83248730964466,60.93484848484848
WIU,GPC,3,30,90.11,87.51421331722379,91.91115384615384,80.13636363636363,63.661628980156884,75.46174242424242
WIU,GPC,4,30,69.56,67.01117150765332,90.42866242038215,70.80952380952381,64.69905728788977,73.95661375661375
WIU,GPC,1,35,88.83,93.01741639064004,88.12097959183673,66.14285714285714,71.01124002900653,81.025
WIU,GPC,2,35,91.14,70.62270463542333,90.04776585365855,NA,NA,NA
WIU,GPC,3,35,83.27,75.63712857822806,86.92994805194805,75.09090909090908,68.99215505306874,76.34242424242423
WIU,GPC,4,35,78.18,79.1986773215762,99.12645614035087,NA,NA,NA
WIU,PCRO,1,0,98.39,111.84508427887452,121.56208579346908,96.8095238095238,112.68676143676144,95.42086260733801
WIU,PCRO,2,0,98.78,112.28734900542494,122.04277408637874,98.42857142857143,103.02351702351702,103.00039032006245
WIU,PCRO,3,0,99.85,113.50337108594269,123.36444308445536,95.9047619047619,111.63361413361412,94.5290788446526
WIU,PCRO,4,0,94.24,107.12317714116513,116.42994356045149,86.5217391304348,87.15949150731761,51.53480636730815
WIU,PCRO,1,4,99.44,112.53380369371237,141.06976744186045,93.47619047619048,112.07956007956008,101.13817330210773
WIU,PCRO,2,4,101.19,108.36615589606929,81.18971848225215,94.23809523809524,89.37568737568739,80.07663283892794
WIU,PCRO,3,4,100.09,101.35436120910286,83.79412886008389,97.95238095238095,107.33848133848134,93.40268019776217
WIU,PCRO,4,4,101.64,108.32921878510975,70.02458029448191,100.15,110.73095823095824,100.42363387978142
WIU,PCRO,1,6,97.04,108.82866089273817,146.11943084455325,91.80952380952381,109.63004563004561,104.8534998698933
WIU,PCRO,2,6,99.44,99.941628604985,74.8676726204747,102.6190476190476,98.08061308061306,91.9646109810044
WIU,PCRO,3,6,97.52,103.93925329241785,83.06226509278835,86.54545454545453,92.2867991958901,81.34326875310481
WIU,PCRO,4,6,96.89,101.55137494543868,77.17465249933174,93.95454545454545,107.34364529819076,97.03502235469449
WIU,PCRO,1,8,89.39,98.88925742909362,130.6996175848775,80.23809523809524,94.43254943254942,96.24186833203227
WIU,PCRO,2,8,91.68,94.46433358153388,75.68859594577788,94.9047619047619,106.7970047970048,92.31173562321105
WIU,PCRO,3,8,96.12,NA,NA,72,63.15479115479117,55.672131147540995
WIU,PCRO,4,8,91.83,87.87821452365088,68.07196042431659,82.57142857142856,76.28220428220428,67.00468384074941
WIU,PCRO,1,12,76.09,78.21193885315073,97.32812301436016,68.25,76.46683046683047,86.15163934426229
WIU,PCRO,2,12,82.71,83.7613019891501,73.57724252491697,80.95238095238095,79.95787995787997,78.29820452771273
WIU,PCRO,3,12,79.86,75.8137432188065,68.01785714285714,61.38095238095237,44.489879489879485,44.77790788446526
WIU,PCRO,4,12,84.44,93.62901538694763,72.40974446455927,77.10000000000001,81.07813267813269,80.68114754098362
WIU,PCRO,1,16,73.11,70.33588302985176,94.15333913692328,72.09523809523809,77.76365976365976,88.83866770752019
WIU,PCRO,2,16,87.63,85.1848101265823,71.06795058139538,81.69565217391305,67.8455293237902,71.42789261107151
WIU,PCRO,3,16,81.79,67.09004690612349,67.28808582221698,NA,NA,NA
WIU,PCRO,4,16,79.89,77.86445147679323,65.953142303433,NA,NA,NA
WIU,PCRO,1,20,72.23,73.87218686621442,102.04095464473855,60.857142857142854,68.33345033345034,83.13817330210773
WIU,PCRO,2,20,71.98,70.16031316309358,65.49584957655598,67,71.93857493857494,73.95628415300544
WIU,PCRO,3,20,70.33,64.09971583570136,65.62922698149026,81.38095238095238,64.58488358488358,64.92688004163415
WIU,PCRO,4,20,73.08,65.1269867425661,66.92178684464017,NA,NA,NA
WIU,PCRO,1,25,73.21,71.7296517347675,85.98204602964212,54.1,NA,NA
WIU,PCRO,2,25,94.62,61.56467823845979,62.16494917142459,80.04761904761905,59.78986778986779,62.988290398126466
WIU,PCRO,3,25,78.26,NA,NA,NA,NA,NA
WIU,PCRO,4,25,84.43,66.47214440865852,64.05580019265172,71.72,58.85621621621622,73.28765027322405
WIU,PCRO,1,30,72.66,78.73362685745734,95.68708923154702,69,70.35626535626534,85.21311475409836
WIU,PCRO,2,30,83.05,85.57481449148845,67.11738171611869,71.45454545454545,67.94326557962921,78.09239940387481
WIU,PCRO,3,30,79.63,67.53368323556654,66.897844583097,74.66666666666667,66.22768222768222,79.15482695810564
WIU,PCRO,4,30,71.16,70.79633978953788,67.84701597086016,68.09523809523809,57.72200772200772,60.839188134270096
WIU,PCRO,1,35,65.23,69.85384146754214,90.07042034572815,61.28571428571428,70.47104247104247,87.57494145199063
WIU,PCRO,2,35,90.95,69.76787111622555,65.83409090909092,89.5909090909091,64.93689970962699,71.23211624441133
WIU,PCRO,3,35,67.08,NA,NA,94.54545454545455,NA,NA
WIU,PCRO,4,35,70.1,NA,NA,73.15,69.01621621621624,79.14590163934425
WIU,WPC,1,0,98.33,105.81017654539149,98.14698514274376,95.61904761904762,102.23100303951367,89.69574378423937
WIU,WPC,2,0,98.42,105.90612237522134,98.23598219616784,96.71428571428572,120.37841945288751,113.26127265065318
WIU,WPC,3,0,99.38,106.93708296825501,99.1922765462091,99.47619047619047,123.81610942249239,116.49571569040596
WIU,WPC,4,0,99.34,106.89805092531826,99.15607135817068,97.81818181818181,121.752417794971,114.5540359345669
WIU,WPC,1,4,102.45,107.30388793117875,88.63622652891938,95,75.03989361702126,85.19174041297934
WIU,WPC,2,4,101.52,105.82114365826727,98.09547766784057,95.1304347826087,121.4431082331175,106.91650634859565
WIU,WPC,3,4,101.4,110.50472458310009,94.18553338938572,98.19047619047619,123.78267477203646,111.80390504284307
WIU,WPC,4,4,100.67,111.21399002493766,119.89910112359551,93.7,116.87579787234041,101.16283185840709
WIU,WPC,1,6,97.59,105.37708708361546,94.66537688816132,81,NA,NA
WIU,WPC,2,6,99.75,100,93.02644082956006,88.38095238095238,98.95845997973657,79.51678606545862
WIU,WPC,3,6,95.96,101.46091913074453,106.02006420545746,87.90476190476191,107.54305977710233,86.86753757550218
WIU,WPC,4,6,98.8,105.6966450867904,106.56866109481373,89.5909090909091,109.60589941972923,94.6122284794851
WIU,WPC,1,8,98.22,94.29736469636717,91.96274926612004,84.72727272727273,NA,NA
WIU,WPC,2,8,103.8,93.96538357077601,80.47569251307152,101.86363636363636,66.37391199226306,65.20474658085278
WIU,WPC,3,8,98.81,96.59126070174881,78.08494954555213,90.61904761904762,NA,NA
WIU,WPC,4,8,99.91,104.64805727616442,97.66872055092423,NA,NA,NA
WIU,WPC,1,12,84.45,82.55787198669991,89.5142072409488,77.31818181818181,76.90691489361701,80.28318584070796
WIU,WPC,2,12,91.43,90.51933890763289,89.3767349636484,96.19047619047618,94.39969604863222,96.75797162522825
WIU,WPC,3,12,87.92,94.06389686161953,81.99703201187195,NA,NA,NA
WIU,WPC,4,12,86.15,92.16078735200831,106.47212828624413,80.19047619047619,91.49392097264436,87.05042843095939
WIU,WPC,1,16,85.08,88.47416227642813,101.01195525460722,94.61904761904762,53.60068389057751,58.61356932153393
WIU,WPC,2,16,NA,NA,NA,NA,NA,NA
WIU,WPC,3,16,84.04,80.06167064091593,86.24719101123594,84.25,71.70212765957447,65.61061946902656
WIU,WPC,4,16,91.67,81.38288795777055,95.10338599593148,84.76190476190476,62.44427558257344,74.01039471835932
WIU,WPC,1,20,89.79,90.01844703310216,83.06833923349238,65.00000000000001,77.27393617021279,91.07669616519175
WIU,WPC,2,20,90.8,78.57340871123164,88.76049961819568,85.2608695652174,NA,NA
WIU,WPC,3,20,73.11,59.25402012210852,82.96791941108098,79.42857142857143,75.20364741641336,90.20648967551622
WIU,WPC,4,20,83.08,89.09327211072846,97.39886649624476,68.91304347826087,79.17668825161888,85.78555854815953
WIU,WPC,1,25,84.37,86.04979218620115,81.83882646691633,NA,NA,NA
WIU,WPC,2,25,85.21,79.89977885474993,75.63785244859022,77.2,77.81595744680851,73.32861356932153
WIU,WPC,3,25,87.95,91.46101986413278,73.1283998450213,63.818181818181806,76.54787234042553,85.46741753821398
WIU,WPC,3,25,75.73,71.0055527847049,87.0714856429463,69.61904761904762,72.76671732522794,80.70880741677202
WIU,WPC,4,25,86.74,82.63135693105545,91.93927366910764,69.5,NA,NA
WIU,WPC,1,30,83.91,83.48755627709248,83.90604026845637,70.54545454545455,81.61508704061896,90.73102708500937
WIU,WPC,2,30,92.4,82.71864892224883,87.55130344495122,81.5217391304348,60.9244912118409,64.44786456329358
WIU,WPC,4,30,83.43,72.82282099628975,103.12085502877501,81.52380952380952,72.63424518743668,86.09299058856581
WIU,WPC,1,35,86.21,83.63240870426672,79.75447642501669,NA,NA,NA
WIU,WPC,2,35,86.26,74.85750412700641,73.98176575055828,NA,NA,NA
WIU,WPC,3,35,88.72,98.45047874141807,76.75433485920378,77.4,65.46063829787234,59.36283185840709
WIU,WPC,4,35,85.34,86.82816036830997,97.16439066551425,64.63636363636363,67.55875241779496,73.9790828640386
